chr,pos,ref,alt,cadd_phred,REVEL,af,prob_patogenica,prioridad
17,43057068,T,C,24.0,0.75,0.0,1.0,Alta
17,43063906,A,G,27.1,0.835,0.0,1.0,Alta
17,43063892,A,G,25.3,0.879,0.0,1.0,Alta
17,43063900,C,G,24.3,0.703,0.0,1.0,Alta
17,43115732,A,G,27.5,0.847,0.0,1.0,Alta
17,43049155,A,T,26.2,0.805,0.0,1.0,Alta
17,43063900,C,T,25.3,0.784,0.0,1.0,Alta
17,43063906,A,C,27.3,0.839,0.0,1.0,Alta
17,43090944,C,A,34.0,0.112,0.0,1.0,Alta
17,43049155,A,C,27.9,0.823,0.0,1.0,Alta
17,43115753,G,A,27.7,0.902,0.0,1.0,Alta
17,43115753,G,C,26.8,0.73,0.0,1.0,Alta
17,43115760,G,T,26.8,0.839,0.0,1.0,Alta
17,43063370,A,G,26.3,0.816,0.0,1.0,Alta
17,43049164,C,T,26.4,0.862,0.0,1.0,Alta
17,43045772,A,G,25.3,0.787,0.0,1.0,Alta
17,43094390,T,G,25.4,0.866,0.0,1.0,Alta
17,43057129,A,G,24.6,0.87,0.0,1.0,Alta
17,43063928,T,G,27.0,0.84,0.0,1.0,Alta
17,43063373,C,A,33.0,0.933,0.0,1.0,Alta
17,43106483,G,C,28.3,0.899,0.0,1.0,Alta
17,43047687,A,C,26.7,0.843,0.0,1.0,Alta
17,43063373,C,A,33.0,0.236,0.0,1.0,Alta
17,43106484,G,A,26.8,0.888,0.0,1.0,Alta
17,43106486,C,A,27.8,0.956,0.0,1.0,Alta
17,43094381,C,G,25.5,0.804,0.0,1.0,Alta
17,43047687,A,T,26.6,0.824,0.0,1.0,Alta
17,43093975,T,G,24.9,0.836,0.0,1.0,Alta
17,43063373,C,G,32.0,0.914,0.0,1.0,Alta
17,43063874,A,G,27.5,0.915,0.0,1.0,Alta
17,43047669,G,T,24.5,0.731,0.0,1.0,Alta
17,43090954,A,G,23.6,0.676,0.0,1.0,Alta
17,43106513,A,G,28.2,0.827,0.0,1.0,Alta
17,43104933,A,G,24.6,0.85,0.0,1.0,Alta
17,43094381,C,G,25.5,0.77,0.0,1.0,Alta
17,43106483,G,A,27.9,0.919,1.3774503119236232e-06,1.0,Alta
17,43063930,C,G,28.9,0.843,0.0,1.0,Alta
17,43115777,A,G,24.3,0.832,0.0,1.0,Alta
17,43094398,C,G,24.9,0.837,0.0,1.0,Alta
17,43057092,T,G,25.6,0.897,0.0,1.0,Alta
17,43082527,C,G,26.1,0.225,0.0,1.0,Alta
17,43097283,T,A,26.4,0.789,0.0,1.0,Alta
17,43094014,C,T,24.8,0.852,0.0,1.0,Alta
17,43092979,T,A,25.3,0.83,0.0,1.0,Alta
17,43092949,A,G,24.9,0.878,0.0,1.0,Alta
17,43057110,A,C,26.4,0.805,0.0,1.0,Alta
17,43104222,G,A,24.4,0.131,0.0,1.0,Alta
17,43104122,C,A,34.0,0.122,0.0,1.0,Alta
17,43124068,T,C,25.5,0.787,0.0,1.0,Alta
17,43051063,C,G,34.0,0.433,0.0,1.0,Alta
17,43093991,G,C,24.8,0.834,0.0,1.0,Alta
17,43099775,C,G,32.0,0.114,0.0,1.0,Alta
17,43124069,C,T,24.4,0.723,0.0,1.0,Alta
17,43091641,G,A,27.6,0.114,0.0,1.0,Alta
17,43094015,T,C,24.5,0.924,0.0,1.0,Alta
17,43097280,G,A,29.0,0.804,0.0,1.0,Alta
17,43057125,T,A,25.6,0.871,0.0,1.0,Alta
17,43104879,G,C,24.4,0.724,0.0,1.0,Alta
17,43104924,A,C,25.3,0.804,0.0,1.0,Alta
17,43094390,T,G,25.4,0.809,0.0,1.0,Alta
17,43104178,C,A,27.7,0.115,0.0,0.995,Alta
17,43104873,A,G,24.3,0.116,0.0,0.995,Alta
17,43047687,A,G,24.0,0.751,0.0,0.995,Alta
17,43097244,C,T,30.0,0.504,0.0,0.995,Alta
17,43067679,A,G,24.5,0.81,0.0,0.995,Alta
17,43124043,C,A,23.4,0.678,0.0,0.995,Alta
17,43104934,A,G,24.0,0.728,0.0,0.995,Alta
17,43063333,C,A,32.0,0.594,0.0,0.995,Alta
17,43093177,A,G,23.4,0.678,0.0,0.995,Alta
17,43124024,G,T,26.8,0.818,0.0,0.995,Alta
17,43124021,T,A,26.7,0.815,0.0,0.995,Alta
17,43082404,C,A,24.3,0.115,0.0,0.995,Alta
17,43051063,C,G,34.0,0.585,0.0,0.995,Alta
17,43095846,C,G,29.7,0.595,0.0,0.995,Alta
17,43049162,C,G,25.2,0.795,0.0,0.995,Alta
17,43070947,C,T,24.4,0.828,0.0,0.99,Alta
17,43063340,A,G,27.8,0.824,0.0,0.99,Alta
17,43092976,A,C,25.0,0.779,0.0,0.99,Alta
17,43090944,C,A,34.0,0.522,0.0,0.99,Alta
17,43063373,C,G,32.0,0.166,0.0,0.99,Alta
17,43045752,C,A,27.7,0.842,0.0,0.99,Alta
17,43047665,C,G,27.9,0.485,0.0,0.99,Alta
17,43063933,T,C,26.5,0.704,0.0,0.99,Alta
17,43099775,C,T,32.0,0.468,0.0,0.99,Alta
17,43115757,C,A,24.4,0.715,0.0,0.99,Alta
17,43097286,G,A,26.6,0.73,0.0,0.99,Alta
17,43082527,C,G,26.1,0.15,0.0,0.99,Alta
17,43124042,G,C,22.8,0.686,0.0,0.99,Alta
17,43063882,C,A,25.7,0.809,0.0,0.99,Alta
17,43104177,C,G,22.8,0.679,0.0,0.99,Alta
17,43045749,T,A,25.6,0.783,0.0,0.99,Alta
17,43082404,C,A,24.3,0.093,0.0,0.99,Alta
17,43093687,G,T,23.4,0.672,0.0,0.99,Alta
17,43104940,T,G,21.9,0.673,0.0,0.985,Alta
17,43097271,T,C,24.5,0.705,0.0,0.985,Alta
17,43045751,T,G,25.8,0.835,0.0,0.985,Alta
17,43094387,C,T,25.0,0.796,0.0,0.985,Alta
17,43124029,T,G,25.7,0.793,0.0,0.985,Alta
17,43095846,C,T,26.1,0.259,0.0,0.985,Alta
17,43104222,G,C,24.3,0.089,0.0,0.985,Alta
17,43090969,G,C,24.3,0.086,0.0,0.985,Alta
17,43094398,C,A,25.8,0.888,0.0,0.985,Alta
17,43063888,A,T,28.1,0.76,0.0,0.985,Alta
17,43049152,A,T,25.3,0.82,0.0,0.985,Alta
17,43063883,T,C,24.1,0.698,0.0,0.985,Alta
17,43091435,C,G,29.5,0.522,0.0,0.985,Alta
17,43063937,A,T,25.8,0.896,0.0,0.985,Alta
17,43070959,A,T,24.1,0.719,0.0,0.985,Alta
17,43104183,C,G,23.4,0.127,0.0,0.985,Alta
17,43106516,A,G,28.2,0.821,0.0,0.985,Alta
17,43104165,C,A,24.1,0.741,0.0,0.98,Alta
17,43092929,A,G,24.3,0.75,0.0,0.98,Alta
17,43104888,T,G,24.6,0.115,0.0,0.98,Alta
17,43045721,A,G,26.5,0.746,0.0,0.98,Alta
17,43104894,G,C,25.0,0.747,0.0,0.98,Alta
17,43104918,T,C,26.1,0.743,0.0,0.98,Alta
17,43076607,T,G,25.3,0.183,0.0,0.98,Alta
17,43047665,C,G,27.9,0.745,0.0,0.98,Alta
17,43104943,T,C,32.0,0.734,0.0,0.98,Alta
17,43104195,G,A,25.6,0.707,6.841966983404125e-07,0.98,Alta
17,43063335,C,T,27.6,0.586,0.0,0.98,Alta
17,43093982,A,T,25.3,0.942,0.0,0.975,Alta
17,43097278,A,G,26.3,0.701,0.0,0.975,Alta
17,43093664,G,A,24.2,0.703,0.0,0.975,Alta
17,43076602,G,A,25.1,0.104,0.0,0.975,Alta
17,43104178,C,A,27.7,0.746,0.0,0.975,Alta
17,43104178,C,T,23.6,0.682,0.0,0.975,Alta
17,43104922,C,G,23.4,0.682,0.0,0.975,Alta
17,43099775,C,T,32.0,0.548,0.0,0.975,Alta
17,43057083,G,A,24.2,0.718,0.0,0.975,Alta
17,43082541,A,G,25.2,0.185,0.0,0.975,Alta
17,43099775,C,G,32.0,0.547,0.0,0.975,Alta
17,43051092,C,G,23.6,0.733,0.0,0.975,Alta
17,43082404,C,A,24.3,0.052,0.0,0.975,Alta
17,43115751,T,G,23.9,0.821,0.0,0.975,Alta
17,43047681,A,C,24.8,0.778,0.0,0.975,Alta
17,43104183,C,T,23.7,0.127,0.0,0.97,Alta
17,43104123,A,G,21.8,0.148,0.0,0.97,Alta
17,43104204,T,C,23.4,0.093,0.0,0.97,Alta
17,43082530,T,C,22.7,0.158,0.0,0.97,Alta
17,43104879,G,C,24.4,0.718,0.0,0.97,Alta
17,43124030,C,T,24.6,0.734,0.0,0.97,Alta
17,43045754,A,C,27.0,0.779,0.0,0.965,Alta
17,43104177,C,A,24.2,0.113,0.0,0.965,Alta
17,43115775,C,T,26.2,0.713,0.0,0.965,Alta
17,43082568,T,C,23.7,0.104,0.0,0.96,Alta
17,43094638,T,C,21.9,0.172,0.0,0.96,Alta
17,43115768,A,T,26.9,0.695,0.0,0.96,Alta
17,43063334,T,C,24.5,0.769,0.0,0.96,Alta
17,43051096,A,G,25.3,0.869,0.0,0.96,Alta
17,43051093,A,C,23.9,0.867,0.0,0.955,Alta
17,43092938,T,C,24.7,0.797,0.0,0.955,Alta
17,43063924,A,G,28.6,0.813,0.0,0.955,Alta
17,43106522,A,G,28.2,0.741,0.0,0.955,Alta
17,43104201,T,C,23.8,0.112,0.0,0.955,Alta
17,43045775,A,C,23.9,0.721,0.0,0.955,Alta
17,43104122,C,A,34.0,0.418,0.0,0.95,Alta
17,43091435,C,T,26.8,0.469,0.0,0.95,Alta
17,43099775,C,T,32.0,0.42,0.0,0.95,Alta
17,43094716,T,C,27.4,0.609,0.0,0.95,Alta
17,43104183,C,G,23.4,0.666,0.0,0.95,Alta
17,43067631,G,C,25.1,0.745,0.0,0.95,Alta
17,43104921,A,G,23.5,0.707,0.0,0.949890873015873,Alta
17,43092341,T,G,23.4,0.719,0.0,0.9468571428571428,Alta
17,43082404,C,T,25.2,0.112,6.843437212147923e-07,0.945,Alta
17,43082538,T,C,21.9,0.155,0.0,0.945,Alta
17,43082404,C,A,24.3,0.042,0.0,0.945,Alta
17,43099789,A,T,22.7,0.195,0.0,0.945,Alta
17,43124066,C,G,23.2,0.677,0.0,0.9448888888888888,Alta
17,43104153,A,G,22.6,0.048,0.0,0.94,Alta
17,43082404,C,T,25.2,0.083,6.843437212147923e-07,0.94,Alta
17,43082404,C,T,25.2,0.148,6.843437212147923e-07,0.94,Alta
17,43082541,A,C,24.5,0.172,0.0,0.94,Alta
17,43097272,C,A,27.3,0.637,0.0,0.94,Alta
17,43104217,C,T,23.7,0.698,0.0,0.9383333333333335,Alta
17,43082512,C,T,24.3,0.178,0.0,0.935,Alta
17,43106465,A,T,23.7,0.84,0.0,0.935,Alta
17,43104877,C,G,24.3,0.795,0.0,0.935,Alta
17,43092001,A,T,23.7,0.721,0.0,0.935,Alta
17,43051087,C,T,24.4,0.739,0.0,0.935,Alta
17,43082404,C,T,25.2,0.03,6.843437212147923e-07,0.93,Alta
17,43115733,A,G,26.6,0.8,0.0,0.93,Alta
17,43115733,A,C,26.3,0.801,0.0,0.93,Alta
17,43099775,C,G,32.0,0.45,0.0,0.93,Alta
17,43070948,C,T,24.2,0.734,0.0,0.93,Alta
17,43082538,T,G,24.2,0.049,0.0,0.93,Alta
17,43095846,C,G,29.7,0.447,0.0,0.93,Alta
17,43104933,A,C,27.1,0.801,0.0,0.93,Alta
17,43104945,T,A,25.9,0.7,0.0,0.925,Alta
17,43106474,T,G,25.3,0.732,0.0,0.925,Alta
17,43093983,A,C,22.7,0.877,0.0,0.92,Alta
17,43097275,C,T,28.8,0.688,0.0,0.92,Alta
17,43071202,A,G,22.5,0.676,0.0,0.92,Alta
17,43104186,T,C,23.8,0.301,0.0,0.92,Alta
17,43045748,C,G,23.7,0.7,0.0,0.9183333333333334,Alta
17,43104177,C,T,24.7,0.707,0.0,0.917,Alta
17,43082575,G,T,26.5,0.666,0.0,0.915,Alta
17,43099792,G,A,23.9,0.694,0.0,0.915,Alta
17,43076603,A,G,23.8,0.306,0.0,0.915,Alta
17,43094597,C,T,22.1,0.678,0.0,0.915,Alta
17,43091641,G,A,27.6,0.69,0.0,0.915,Alta
17,43104912,A,G,29.2,0.767,0.0,0.915,Alta
17,43099879,T,C,26.2,0.435,0.0,0.91,Alta
17,43090957,A,G,22.7,0.078,0.0,0.91,Alta
17,43082528,C,T,22.9,0.139,0.0,0.91,Alta
17,43094365,C,T,23.9,0.377,0.0,0.91,Alta
17,43094371,G,A,23.4,0.755,0.0,0.91,Alta
17,43047672,T,A,21.9,0.753,0.0,0.91,Alta
17,43104177,C,T,24.7,0.113,0.0,0.91,Alta
17,43099792,G,C,23.7,0.195,0.0,0.905,Alta
17,43094731,G,A,27.2,0.449,0.0,0.905,Alta
17,43090966,T,C,22.4,0.679,0.0,0.905,Alta
17,43099852,G,C,23.8,0.178,0.0,0.905,Alta
17,43094557,T,C,21.1,0.672,0.0,0.905,Alta
17,43104165,C,A,24.1,0.126,0.0,0.905,Alta
17,43082562,A,T,23.7,0.695,0.0,0.9033333333333334,Alta
17,43094716,T,C,27.4,0.328,1.3701670781735124e-06,0.9,Alta
17,43104909,A,G,26.1,0.665,0.0,0.9,Alta
17,43115731,A,C,25.0,0.799,0.0,0.9,Alta
17,43094560,C,A,22.1,0.677,0.0,0.9,Alta
17,43094365,C,T,23.9,0.688,0.0,0.9,Alta
17,43106498,C,T,25.7,0.676,6.885923657141598e-07,0.9,Alta
17,43045706,A,T,22.9,0.687,0.0,0.895,Alta
17,43091851,T,A,22.7,0.689,0.0,0.895,Alta
17,43124041,T,C,24.5,0.736,0.0,0.89,Alta
17,43082514,G,C,24.1,0.085,0.0,0.89,Alta
17,43063346,T,G,21.9,0.628,0.0,0.89,Alta
17,43104202,C,T,24.8,0.075,0.0,0.89,Alta
17,43104166,G,T,23.5,0.701,0.0,0.8876190476190476,Alta
17,43082575,G,C,26.2,0.411,0.0,0.885,Alta
17,43082520,A,C,24.3,0.283,0.0,0.885,Alta
17,43124065,A,G,24.9,0.727,0.0,0.88,Alta
17,43106499,C,A,26.9,0.691,0.0,0.88,Alta
17,43093593,G,C,23.7,0.867,0.0,0.88,Alta
17,43082574,T,A,25.9,0.665,0.0,0.875,Alta
17,43047673,C,A,24.8,0.698,0.0,0.875,Alta
17,43124074,A,T,21.0,0.674,0.0,0.875,Alta
17,43094675,C,G,20.9,0.68,0.0,0.87,Alta
17,43104177,C,A,24.2,0.738,0.0,0.87,Alta
17,43106525,A,G,24.9,0.72,0.0,0.87,Alta
17,43047687,A,C,26.7,0.528,0.0,0.865,Alta
17,43057077,C,A,23.8,0.727,0.0,0.865,Alta
17,43104954,C,A,24.4,0.672,0.0,0.865,Alta
17,43090988,C,A,22.0,0.152,0.0,0.855,Alta
17,43082550,A,G,26.7,0.41,6.840590972335282e-07,0.85,Alta
17,43082562,A,T,23.7,0.219,0.0,0.85,Alta
17,43076597,T,C,23.8,0.228,0.0,0.85,Alta
17,43099876,T,C,23.6,0.187,0.0,0.85,Alta
17,43082511,A,G,23.3,0.088,0.0,0.85,Alta
17,43057086,C,A,23.8,0.749,0.0,0.85,Alta
17,43067614,T,C,23.5,0.665,6.858851691049884e-07,0.85,Alta
17,43082512,C,A,23.6,0.184,0.0,0.85,Alta
17,43106514,G,C,24.3,0.686,0.0,0.85,Alta
17,43051107,C,G,22.1,0.722,0.0,0.8465,Alta
17,43082575,G,T,26.5,0.413,0.0,0.845,Alta
17,43063898,C,G,21.9,0.668,0.0,0.845,Alta
17,43063886,C,T,25.9,0.59,0.0,0.845,Alta
17,43104925,G,A,23.6,0.693,0.0,0.8433333333333334,Alta
17,43094138,A,G,24.9,0.943,0.0,0.835,Alta
17,43115727,T,C,26.2,0.562,0.0,0.835,Alta
17,43104172,T,C,22.6,0.77,0.0,0.835,Alta
17,43071070,G,C,22.6,0.394,0.0,0.835,Alta
17,43082497,C,T,22.5,0.064,0.0,0.83,Alta
17,43094572,C,T,24.2,0.339,0.0,0.83,Alta
17,43094419,G,A,24.1,0.693,0.0,0.83,Alta
17,43063912,A,C,23.9,0.578,0.0,0.825,Alta
17,43082533,C,T,23.2,0.12,0.0,0.825,Alta
17,43091866,T,C,22.6,0.387,0.0,0.82,Alta
17,43057116,C,G,24.4,0.671,0.0,0.82,Alta
17,43057126,C,G,24.4,0.779,0.0,0.815,Alta
17,43082518,C,T,23.4,0.206,0.0,0.815,Alta
17,43082538,T,C,21.9,0.049,0.0,0.815,Alta
17,43090969,G,A,23.2,0.102,0.0,0.81,Alta
17,43115726,T,A,21.4,0.676,0.0,0.81,Alta
17,43051107,C,T,22.5,0.722,0.0,0.8055,Alta
17,43082535,T,A,23.2,0.148,0.0,0.805,Alta
17,43071229,G,C,21.4,0.675,0.0,0.805,Alta
17,43124047,G,C,26.2,0.544,0.0,0.805,Alta
17,43071199,G,A,17.45,0.679,0.0,0.805,Alta
17,43082575,G,C,26.2,0.516,0.0,0.805,Alta
17,43063371,C,T,25.2,0.677,0.0,0.805,Alta
17,43104916,C,T,25.7,0.68,0.0,0.805,Alta
17,43047673,C,G,24.3,0.281,0.0,0.8,Alta
17,43106517,G,A,25.5,0.688,0.0,0.8,Alta
17,43095846,C,T,26.1,0.541,0.0,0.8,Alta
17,43082404,C,A,24.3,0.271,0.0,0.795,Alta
17,43097284,C,T,26.2,0.535,0.0,0.795,Alta
17,43082412,G,A,21.9,0.202,0.0,0.79,Alta
17,43115768,A,G,25.4,0.684,0.0,0.79,Alta
17,43104129,G,A,22.7,0.035,0.0,0.79,Alta
17,43082508,A,G,24.0,0.241,0.0,0.79,Alta
17,43057132,C,G,23.7,0.664,0.0,0.79,Alta
17,43104877,C,G,24.3,0.236,0.0,0.79,Alta
17,43082527,C,T,24.0,0.214,0.0,0.785,Alta
17,43049181,C,G,25.9,0.533,0.0,0.785,Alta
17,43082535,T,G,25.1,0.213,0.0,0.78,Alta
17,43045728,G,C,23.8,0.667,0.0,0.78,Alta
17,43094675,C,T,19.29,0.677,0.0,0.78,Alta
17,43104931,T,G,22.3,0.681,0.0,0.78,Alta
17,43082534,C,G,23.6,0.227,0.0,0.775,Alta
17,43106462,G,C,23.3,0.646,0.0,0.7720496031746031,Alta
17,43099789,A,T,22.7,0.757,0.0,0.77,Alta
17,43082532,T,A,24.4,0.214,0.0,0.77,Alta
17,43082534,C,G,23.6,0.217,0.0,0.765,Alta
17,43115771,A,C,25.8,0.712,0.0,0.765,Alta
17,43104166,G,C,23.6,0.737,0.0,0.765,Alta
17,43082568,T,A,23.5,0.132,0.0,0.765,Alta
17,43082543,C,G,22.0,0.062,0.0,0.765,Alta
17,43091005,T,C,22.9,0.082,0.0,0.76,Alta
17,43063940,C,T,26.5,0.537,0.0,0.76,Alta
17,43104916,C,G,23.5,0.65,0.0,0.76,Alta
17,43097274,T,A,25.7,0.716,0.0,0.76,Alta
17,43082538,T,G,24.2,0.247,0.0,0.755,Alta
17,43082527,C,A,23.5,0.066,0.0,0.755,Alta
17,43094347,G,C,22.1,0.666,0.0,0.755,Alta
17,43082511,A,G,23.3,0.197,0.0,0.75,Alta
17,43099792,G,C,23.7,0.663,0.0,0.75,Alta
17,43076605,G,A,24.5,0.228,0.0,0.75,Alta
17,43082535,T,A,23.2,0.076,0.0,0.75,Alta
17,43082515,C,T,24.6,0.201,0.0,0.75,Alta
17,43104229,T,A,23.5,0.046,0.0,0.745,Alta
17,43104895,C,G,25.7,0.685,0.0,0.74,Alta
17,43093657,A,G,21.9,0.781,0.0,0.735,Alta
17,43093659,T,G,20.4,0.744,0.0,0.725,Alta
17,43104171,C,T,23.1,0.114,0.0,0.725,Alta
17,43104205,C,T,21.8,0.384,0.0,0.725,Alta
17,43093589,C,G,23.4,0.736,0.0,0.7228571428571428,Alta
17,43091839,A,G,21.1,0.723,0.0,0.72,Alta
17,43094411,T,A,20.9,0.743,0.0,0.72,Alta
17,43082514,G,C,24.1,0.208,0.0,0.715,Alta
17,43067674,T,C,21.1,0.687,0.0,0.715,Alta
17,43094661,T,A,21.1,0.687,0.0,0.715,Alta
17,43076602,G,A,25.1,0.279,0.0,0.715,Alta
17,43104250,A,C,23.2,0.645,0.0,0.71,Alta
17,43082543,C,A,23.6,0.242,0.0,0.71,Alta
17,43094151,T,C,21.9,0.855,0.0,0.71,Alta
17,43104881,G,T,21.1,0.718,0.0,0.705,Alta
17,43082527,C,A,23.5,0.154,0.0,0.705,Alta
17,43124045,T,C,22.5,0.667,0.0,0.705,Alta
17,43104243,A,G,23.4,0.761,0.0,0.7,Alta
17,43106464,T,C,22.4,0.646,0.0,0.7,Alta
17,43104177,C,G,22.8,0.358,0.0,0.7,Alta
17,43124048,C,A,23.9,0.582,0.0,0.7,Alta
17,43076605,G,A,24.5,0.242,0.0,0.69,Media
17,43106495,G,T,23.6,0.65,0.0,0.69,Media
17,43071215,C,T,20.5,0.711,0.0,0.685,Media
17,43047703,C,T,19.42,0.547,0.0,0.685,Media
17,43067679,A,C,22.5,0.802,0.0,0.685,Media
17,43091855,A,C,21.3,0.733,0.0,0.685,Media
17,43124039,T,C,25.3,0.692,0.0,0.68,Media
17,43092394,T,G,22.7,0.411,0.0,0.68,Media
17,43082518,C,G,22.4,0.176,0.0,0.675,Media
17,43082550,A,C,24.5,0.331,0.0,0.675,Media
17,43051086,C,T,19.44,0.677,0.0,0.675,Media
17,43094767,T,C,19.6,0.75,0.0,0.67,Media
17,43104900,A,G,19.91,0.713,0.0,0.67,Media
17,43051092,C,T,23.9,0.758,0.0,0.67,Media
17,43051108,C,G,23.7,0.652,0.0,0.67,Media
17,43082541,A,C,24.5,0.27,0.0,0.67,Media
17,43094233,G,T,22.2,0.115,0.0,0.67,Media
17,43124035,A,C,23.3,0.668,0.0,0.6650496031746032,Media
17,43104932,A,T,21.4,0.75,0.0,0.665,Media
17,43047672,T,A,21.9,0.262,0.0,0.66,Media
17,43063921,T,C,23.4,0.847,0.0,0.66,Media
17,43093965,A,T,17.51,0.761,0.0,0.66,Media
17,43093701,C,A,21.4,0.745,0.0,0.66,Media
17,43104927,T,A,22.9,0.73,0.0,0.6529940476190476,Media
17,43090957,A,C,23.3,0.692,0.0,0.6524007936507935,Media
17,43082556,T,G,22.2,0.092,0.0,0.65,Media
17,43067643,A,C,23.0,0.674,0.0,0.65,Media
17,43082520,A,G,24.9,0.318,0.0,0.645,Media
17,43091618,C,A,25.0,0.266,0.0,0.645,Media
17,43070962,G,A,24.1,0.794,0.0,0.645,Media
17,43063361,G,T,23.6,0.772,0.0,0.645,Media
17,43057075,C,T,21.4,0.688,0.0,0.645,Media
17,43063361,G,C,22.6,0.645,0.0,0.645,Media
17,43092085,G,A,23.4,0.779,0.0,0.64,Media
17,43045712,T,A,23.6,0.79,0.0,0.64,Media
17,43104133,T,A,23.2,0.032,0.0,0.64,Media
17,43094572,C,T,24.2,0.795,0.0,0.64,Media
17,43049166,A,C,23.6,0.789,0.0,0.635,Media
17,43104204,T,C,23.4,0.565,0.0,0.635,Media
17,43071229,G,A,21.6,0.669,0.0,0.63,Media
17,43099795,G,C,22.4,0.056,0.0,0.63,Media
17,43045750,G,C,22.9,0.777,0.0,0.63,Media
17,43104205,C,G,21.8,0.266,0.0,0.625,Media
17,43049140,G,A,23.5,0.392,0.0,0.625,Media
17,43094398,C,G,24.9,0.497,0.0,0.62,Media
17,43104956,C,A,19.68,0.718,0.0,0.62,Media
17,43094627,C,A,22.3,0.639,0.0,0.62,Media
17,43063880,A,G,25.2,0.486,0.0,0.615,Media
17,43095922,A,T,22.5,0.639,0.0,0.615,Media
17,43094239,A,G,18.86,0.579,0.0,0.615,Media
17,43047673,C,A,24.8,0.335,0.0,0.61,Media
17,43090957,A,G,22.7,0.697,0.0,0.61,Media
17,43047681,A,C,24.8,0.343,0.0,0.605,Media
17,43115771,A,G,25.8,0.627,0.0,0.605,Media
17,43094013,C,G,19.9,0.813,0.0,0.605,Media
17,43092946,T,G,19.02,0.666,0.0,0.6,Media
17,43045775,A,G,24.8,0.672,0.0,0.6,Media
17,43091966,T,C,23.8,0.472,0.0,0.6,Media
17,43124086,G,A,23.9,0.63,1.3691484307505261e-06,0.595,Media
17,43082569,C,A,24.0,0.556,0.0,0.595,Media
17,43099787,A,G,23.9,0.657,0.0,0.585,Media
17,43104233,C,G,18.83,0.586,0.0,0.585,Media
17,43104186,T,C,23.8,0.657,0.0,0.585,Media
17,43090957,A,C,23.3,0.236,0.0,0.585,Media
17,43082565,G,C,22.2,0.045,0.0,0.585,Media
17,43104238,T,C,22.3,0.657,0.0,0.585,Media
17,43082497,C,T,22.5,0.236,0.0,0.585,Media
17,43063886,C,G,23.8,0.655,0.0,0.58,Media
17,43104235,T,G,23.6,0.446,0.0,0.57,Media
17,43067688,A,T,19.33,0.775,0.0,0.565,Media
17,43104130,G,T,19.73,0.548,0.0,0.565,Media
17,43051095,C,G,21.6,0.767,0.0,0.56,Media
17,43092613,A,G,19.85,0.503,0.0,0.56,Media
17,43091630,T,G,23.9,0.458,0.0,0.555,Media
17,43115732,A,T,25.7,0.66,0.0,0.555,Media
17,43091956,G,A,21.8,0.526,1.3682005563103463e-06,0.555,Media
17,43082566,T,C,18.85,0.041,0.0,0.55,Media
17,43082562,A,G,23.3,0.276,0.0,0.55,Media
17,43094813,G,C,19.87,0.499,0.0,0.55,Media
17,43067617,T,C,21.9,0.5,0.0,0.545,Media
17,43090966,T,C,22.4,0.07,0.0,0.545,Media
17,43057107,A,C,24.2,0.759,0.0,0.54,Media
17,43094398,C,A,25.8,0.657,0.0,0.54,Media
17,43082544,T,G,22.0,0.271,0.0,0.535,Media
17,43106532,A,C,24.9,0.679,0.0,0.535,Media
17,43082544,T,G,22.0,0.295,0.0,0.535,Media
17,43094679,C,A,22.0,0.286,0.0,0.535,Media
17,43092054,T,C,19.37,0.797,0.0,0.53,Media
17,43082543,C,A,23.6,0.459,0.0,0.53,Media
17,43070941,G,A,22.3,0.798,0.0,0.53,Media
17,43097272,C,T,24.9,0.472,0.0,0.525,Media
17,43094371,G,A,23.4,0.798,0.0,0.525,Media
17,43092395,C,T,22.8,0.566,0.0,0.52,Media
17,43049156,C,T,24.0,0.654,0.0,0.52,Media
17,43082543,C,G,22.0,0.242,0.0,0.52,Media
17,43104174,T,C,23.5,0.281,0.0,0.52,Media
17,43099843,C,A,22.8,0.627,0.0,0.515,Media
17,43049153,C,G,23.4,0.623,0.0,0.515,Media
17,43067640,G,A,21.9,0.581,0.0,0.51,Media
17,43104928,G,C,22.8,0.629,0.0,0.51,Media
17,43094638,T,C,21.9,0.589,0.0,0.51,Media
17,43094247,T,A,22.4,0.622,0.0,0.505,Media
17,43094636,C,T,23.5,0.232,0.0,0.505,Media
17,43057105,T,C,23.5,0.592,1.3681649897524442e-06,0.5,Media
17,43115748,T,C,25.5,0.567,0.0,0.5,Media
17,43071121,G,A,19.41,0.685,0.0,0.5,Media
17,43094560,C,A,22.1,0.349,0.0,0.495,Media
17,43106496,G,A,24.0,0.584,0.0,0.49,Media
17,43094247,T,G,22.3,0.622,0.0,0.485,Media
17,43051114,A,G,23.9,0.799,0.0,0.485,Media
17,43092070,A,G,22.3,0.706,0.0,0.4825,Media
17,43124089,A,G,21.8,0.548,6.845807764241333e-07,0.48,Media
17,43092082,G,C,23.8,0.786,0.0,0.48,Media
17,43057093,G,T,25.7,0.584,0.0,0.48,Media
17,43094845,G,C,22.4,0.204,0.0,0.48,Media
17,43076569,T,G,18.92,0.065,0.0,0.48,Media
17,43067619,A,G,25.1,0.684,0.0,0.48,Media
17,43082545,T,G,23.5,0.213,0.0,0.475,Media
17,43091024,C,G,21.7,0.024,0.0,0.475,Media
17,43115747,T,A,23.6,0.637,0.0,0.475,Media
17,43093655,C,G,18.75,0.674,0.0,0.475,Media
17,43091971,C,A,18.9,0.529,0.0,0.47,Media
17,43104873,A,G,24.3,0.647,0.0,0.47,Media
17,43090958,T,C,19.74,0.53,0.0,0.465,Media
17,43092960,C,G,18.97,0.724,0.0,0.465,Media
17,43092016,T,G,25.6,0.636,0.0,0.46,Media
17,43124092,T,C,25.4,0.654,0.0,0.455,Media
17,43104879,G,A,23.2,0.782,0.0,0.4525,Media
17,43047688,C,T,24.8,0.461,0.0,0.45,Media
17,43071217,G,C,24.4,0.664,0.0,0.45,Media
17,43094737,G,A,23.6,0.578,0.0,0.45,Media
17,43092292,A,G,19.74,0.52,0.0,0.45,Media
17,43104914,C,G,19.86,0.552,0.0,0.45,Media
17,43047682,C,G,14.9,0.677,6.840497386245948e-07,0.445,Media
17,43104123,A,G,21.8,0.56,0.0,0.445,Media
17,43104171,C,T,23.1,0.667,0.0,0.445,Media
17,43082541,A,G,25.2,0.452,0.0,0.445,Media
17,43071205,A,G,23.2,0.771,0.0,0.4425,Media
17,43047649,A,G,18.84,0.473,0.0,0.44,Media
17,43047676,G,A,22.8,0.451,0.0,0.44,Media
17,43094668,C,A,23.1,0.664,0.0,0.44,Media
17,43067634,T,C,23.4,0.445,0.0,0.44,Media
17,43082566,T,C,18.85,0.485,0.0,0.44,Media
17,43106499,C,T,25.7,0.606,0.0,0.44,Media
17,43076548,T,A,18.83,0.066,0.0,0.435,Media
17,43093742,C,G,23.2,0.628,0.0,0.435,Media
17,43093810,A,C,19.86,0.521,0.0,0.435,Media
17,43094668,C,A,23.1,0.386,0.0,0.43,Media
17,43045745,A,G,25.5,0.619,0.0,0.43,Media
17,43104124,A,C,19.85,0.518,0.0,0.425,Media
17,43099844,C,G,23.1,0.384,0.0,0.425,Media
17,43074510,G,A,19.95,0.498,0.0,0.425,Media
17,43047649,A,G,18.84,0.335,0.0,0.42,Media
17,43094347,G,C,22.1,0.302,0.0,0.42,Media
17,43115735,A,G,25.5,0.599,0.0,0.42,Media
17,43104153,A,G,22.6,0.562,0.0,0.42,Media
17,43091845,A,G,25.0,0.579,0.0,0.415,Media
17,43094047,T,C,19.56,0.539,0.0,0.415,Media
17,43071214,C,A,20.7,0.69,0.0,0.415,Media
17,43074360,T,A,18.89,0.61,0.0,0.415,Media
17,43057074,G,A,25.3,0.656,0.0,0.41,Media
17,43067678,A,C,19.55,0.542,0.0,0.41,Media
17,43115778,G,C,21.3,0.701,0.0,0.41,Media
17,43104235,T,G,23.6,0.552,0.0,0.41,Media
17,43091902,T,A,24.3,0.574,0.0,0.405,Media
17,43047677,C,G,21.8,0.495,0.0,0.405,Media
17,43092986,C,T,25.6,0.53,0.0,0.4,Media
17,43095905,A,C,21.1,0.664,0.0,0.4,Media
17,43071218,A,C,21.4,0.7,0.0,0.395,Baja
17,43057098,C,T,23.8,0.541,0.0,0.395,Baja
17,43106508,G,C,25.1,0.577,0.0,0.395,Baja
17,43082562,A,G,23.3,0.622,0.0,0.39163293650793646,Baja
17,43074478,T,G,0.05,0.519,0.0,0.39,Baja
17,43104129,G,A,22.7,0.478,0.0,0.39,Baja
17,43063945,T,C,24.0,0.595,0.0,0.39,Baja
17,43090969,G,C,24.3,0.507,0.0,0.385,Baja
17,43093941,T,G,21.1,0.692,0.0,0.385,Baja
17,43094239,A,G,18.86,0.04,0.0,0.385,Baja
17,43104174,T,C,23.5,0.629,0.0,0.38,Baja
17,43094690,T,A,24.3,0.649,0.0,0.38,Baja
17,43092052,T,C,19.14,0.54,0.0,0.38,Baja
17,43057091,G,C,20.3,0.698,0.0,0.375,Baja
17,43051075,T,G,25.1,0.564,0.0,0.375,Baja
17,43099848,G,T,18.83,0.523,0.0,0.375,Baja
17,43094364,A,C,18.07,0.683,0.0,0.375,Baja
17,43104183,C,T,23.7,0.528,0.0,0.37,Baja
17,43051065,G,A,25.2,0.653,0.0,0.37,Baja
17,43063907,T,G,22.4,0.564,0.0,0.37,Baja
17,43091846,A,C,22.0,0.476,0.0,0.365,Baja
17,43082568,T,C,23.7,0.536,0.0,0.365,Baja
17,43092986,C,G,25.1,0.51,0.0,0.36,Baja
17,43063880,A,T,23.7,0.539,0.0,0.36,Baja
17,43047673,C,G,24.3,0.659,0.0,0.36,Baja
17,43104133,T,A,23.2,0.464,0.0,0.36,Baja
17,43094660,A,T,23.0,0.698,0.0,0.359375,Baja
17,43049149,T,C,19.41,0.584,0.0,0.355,Baja
17,43082568,T,A,23.5,0.576,0.0,0.355,Baja
17,43104244,A,T,23.7,0.631,0.0,0.355,Baja
17,43049143,A,T,22.0,0.558,0.0,0.35,Baja
17,43091030,C,T,22.8,0.503,0.0,0.35,Baja
17,43094297,C,A,11.66,0.037,0.0,0.35,Baja
17,43057107,A,G,25.2,0.632,0.0,0.35,Baja
17,43093207,G,T,24.1,0.459,0.0,0.35,Baja
17,43090952,T,C,22.1,0.562,0.0,0.345,Baja
17,43104205,C,G,21.8,0.508,0.0,0.345,Baja
17,43104233,C,A,19.81,0.586,0.0,0.345,Baja
17,43063946,C,T,22.8,0.549,0.0,0.345,Baja
17,43091593,T,G,19.69,0.518,0.0,0.345,Baja
17,43099852,G,C,23.8,0.632,0.0,0.345,Baja
17,43047677,C,G,21.8,0.597,0.0,0.34,Baja
17,43104190,T,C,19.41,0.574,0.0,0.34,Baja
17,43091618,C,A,25.0,0.559,0.0,0.335,Baja
17,43090969,G,A,23.2,0.523,0.0,0.335,Baja
17,43093945,G,A,23.5,0.574,0.0,0.335,Baja
17,43104182,A,C,21.0,0.66,0.0,0.335,Baja
17,43099820,T,C,21.0,0.66,0.0,0.335,Baja
17,43104219,G,A,25.0,0.573,0.0,0.335,Baja
17,43094813,G,C,19.87,0.063,0.0,0.335,Baja
17,43095890,G,C,22.7,0.554,0.0,0.33,Baja
17,43095888,G,C,19.6,0.552,0.0,0.33,Baja
17,43071230,G,C,17.52,0.667,0.0,0.33,Baja
17,43094678,G,A,22.2,0.563,0.0,0.325,Baja
17,43099876,T,C,23.6,0.522,0.0,0.325,Baja
17,43094679,C,A,22.0,0.607,0.0,0.325,Baja
17,43094606,T,G,20.7,0.695,0.0,0.325,Baja
17,43093724,A,G,21.8,0.542,0.0,0.32,Baja
17,43091836,C,T,22.1,0.447,0.0,0.32,Baja
17,43070992,G,T,19.6,0.533,0.0,0.315,Baja
17,43076501,G,C,11.62,0.126,0.0,0.315,Baja
17,43094637,A,C,23.0,0.329,0.0,0.315,Baja
17,43063916,A,G,23.9,0.631,0.0,0.315,Baja
17,43094656,A,G,19.91,0.061,0.0,0.31,Baja
17,43063940,C,G,23.9,0.63,0.0,0.31,Baja
17,43063940,C,A,23.9,0.63,0.0,0.31,Baja
17,43074337,C,A,19.81,0.587,0.0,0.31,Baja
17,43104175,A,G,25.2,0.609,0.0,0.305,Baja
17,43076489,T,A,24.4,0.65,0.0,0.3,Baja
17,43099848,G,T,18.83,0.055,0.0,0.3,Baja
17,43104946,C,G,25.0,0.541,0.0,0.3,Baja
17,43090967,G,T,23.1,0.624,0.0,0.295,Baja
17,43104156,C,G,20.2,0.071,0.0,0.295,Baja
17,43045766,C,G,23.5,0.48,0.0,0.295,Baja
17,43090988,C,A,22.0,0.555,0.0,0.285,Baja
17,43047676,G,A,22.8,0.514,0.0,0.285,Baja
17,43099795,G,C,22.4,0.459,0.0,0.285,Baja
17,43092355,T,G,22.9,0.447,0.0,0.285,Baja
17,43092394,T,A,22.9,0.447,0.0,0.285,Baja
17,43094735,C,A,22.7,0.518,0.0,0.28,Baja
17,43104919,C,T,24.0,0.628,0.0,0.28,Baja
17,43091629,C,A,21.4,0.066,0.0,0.28,Baja
17,43099857,T,A,1.282,0.51,0.0,0.275,Baja
17,43082542,G,C,21.2,0.065,0.0,0.275,Baja
17,43090991,C,T,22.6,0.504,0.0,0.275,Baja
17,43094422,A,G,18.23,0.122,0.0,0.275,Baja
17,43057074,G,C,24.1,0.637,0.0,0.275,Baja
17,43092079,T,A,23.4,0.618,0.0,0.275,Baja
17,43093238,C,T,22.0,0.529,0.0,0.275,Baja
17,43092011,A,C,22.8,0.539,0.0,0.275,Baja
17,43099844,C,T,25.9,0.621,8.89500743759468e-06,0.275,Baja
17,43090946,G,C,24.7,0.558,0.0,0.275,Baja
17,43094767,T,A,23.4,0.589,0.0,0.275,Baja
17,43074334,G,C,22.7,0.531,0.0,0.27,Baja
17,43094657,G,T,22.7,0.531,0.0,0.27,Baja
17,43067638,C,G,22.1,0.496,0.0,0.27,Baja
17,43082556,T,G,22.2,0.455,0.0,0.27,Baja
17,43047663,G,T,19.73,0.489,0.0,0.265,Baja
17,43124053,A,G,23.4,0.594,0.0,0.265,Baja
17,43095849,T,C,19.32,0.604,0.0,0.265,Baja
17,43094860,G,A,19.75,0.573,0.0,0.265,Baja
17,43093354,A,C,19.73,0.576,0.0,0.265,Baja
17,43071067,G,A,4.166,0.802,6.840544178970525e-07,0.255,Baja
17,43104949,G,T,22.1,0.557,0.0,0.255,Baja
17,43095908,T,A,19.74,0.656,0.0,0.255,Baja
17,43091849,G,T,19.24,0.522,0.0,0.255,Baja
17,43047663,G,T,19.73,0.487,0.0,0.255,Baja
17,43104870,T,G,19.87,0.015,0.0,0.255,Baja
17,43093748,C,G,22.6,0.555,0.0,0.255,Baja
17,43091500,T,A,19.52,0.531,0.0,0.25,Baja
17,43090993,G,A,22.4,0.48,0.0,0.25,Baja
17,43104925,G,C,24.9,0.647,0.0,0.245,Baja
17,43104222,G,A,24.4,0.653,0.0,0.245,Baja
17,43094597,C,A,23.1,0.699,0.0,0.24234126984126983,Baja
17,43074457,G,C,18.81,0.555,0.0,0.24,Baja
17,43051105,G,T,19.52,0.519,0.0,0.24,Baja
17,43057110,A,G,24.9,0.648,0.0,0.24,Baja
17,43106462,G,T,23.4,0.604,0.0,0.235,Baja
17,43051111,T,A,22.1,0.572,0.0,0.235,Baja
17,43076560,C,T,11.69,0.039,0.0,0.235,Baja
17,43104235,T,C,23.4,0.6,0.0,0.235,Baja
17,43093816,T,C,19.28,0.602,0.0,0.235,Baja
17,43045748,C,T,24.1,0.626,0.0,0.235,Baja
17,43104226,T,A,19.98,0.522,0.0,0.235,Baja
17,43090964,T,G,20.3,0.06,0.0,0.235,Baja
17,43094419,G,A,24.1,0.593,0.0,0.23,Baja
17,43099880,G,T,22.5,0.517,0.0,0.23,Baja
17,43093723,G,A,23.3,0.462,0.0,0.23,Baja
17,43091006,C,T,23.5,0.621,0.0,0.23,Baja
17,43094806,C,A,19.2,0.578,0.0,0.225,Baja
17,43099833,T,A,19.92,0.058,0.0,0.225,Baja
17,43094627,C,A,22.3,0.693,0.0,0.22,Baja
17,43094574,G,T,20.1,0.498,0.0,0.22,Baja
17,43090965,C,A,19.98,0.025,0.0,0.22,Baja
17,43091002,G,A,22.5,0.542,0.0,0.22,Baja
17,43104234,T,C,21.5,0.084,0.0,0.215,Baja
17,43082415,G,A,11.57,0.059,0.0,0.215,Baja
17,43092037,A,G,25.0,0.631,0.0,0.215,Baja
17,43094756,C,T,24.1,0.525,0.0,0.215,Baja
17,43104922,C,T,22.1,0.575,0.0,0.215,Baja
17,43094705,T,A,22.1,0.574,0.0,0.215,Baja
17,43104233,C,G,18.83,0.454,0.0,0.21,Baja
17,43104191,G,C,19.77,0.595,0.0,0.21,Baja
17,43045769,G,T,22.6,0.545,0.0,0.21,Baja
17,43099822,G,A,19.53,0.656,0.0,0.21,Baja
17,43092140,C,A,22.1,0.616,0.0,0.21,Baja
17,43104926,T,A,19.2,0.56,0.0,0.205,Baja
17,43095854,G,T,19.58,0.586,0.0,0.205,Baja
17,43104233,C,A,19.81,0.454,0.0,0.205,Baja
17,43074385,C,G,1.274,0.603,0.0,0.205,Baja
17,43076594,T,G,21.5,0.013,0.0,0.205,Baja
17,43099823,T,C,22.1,0.613,0.0,0.205,Baja
17,43099837,A,C,19.45,0.509,0.0,0.205,Baja
17,43074499,A,T,1.275,0.593,0.0,0.205,Baja
17,43045697,A,T,19.6,0.511,0.0,0.2,Baja
17,43106532,A,G,25.0,0.659,0.0,0.2,Baja
17,43106468,T,A,19.69,0.652,0.0,0.2,Baja
17,43094321,C,G,19.73,0.602,0.0,0.2,Baja
17,43082558,T,A,19.2,0.556,0.0,0.2,Baja
17,43104941,A,C,22.3,0.696,0.0,0.2,Baja
17,43097287,A,T,24.4,0.54,0.0,0.2,Baja
17,43099831,G,A,20.1,0.016,0.0,0.195,Baja
17,43095881,G,A,19.06,0.531,0.0,0.195,Baja
17,43082565,G,C,22.2,0.506,0.0,0.195,Baja
17,43124056,A,G,24.6,0.643,0.0,0.195,Baja
17,43104222,G,C,24.3,0.633,0.0,0.195,Baja
17,43049132,T,C,19.52,0.567,0.0,0.19,Baja
17,43076547,G,C,19.37,0.044,0.0,0.19,Baja
17,43094797,T,C,19.17,0.101,0.0,0.19,Baja
17,43104870,T,G,19.87,0.455,0.0,0.19,Baja
17,43091594,G,C,22.1,0.519,0.0,0.19,Baja
17,43071199,G,C,21.7,0.621,0.0,0.19,Baja
17,43082499,T,G,21.6,0.043,0.0,0.19,Baja
17,43076548,T,A,18.83,0.369,0.0,0.19,Baja
17,43124049,A,T,19.55,0.561,0.0,0.185,Baja
17,43047691,T,A,1.206,0.524,0.0,0.185,Baja
17,43097268,G,A,19.21,0.518,0.0,0.185,Baja
17,43093800,T,G,18.76,0.659,0.0,0.185,Baja
17,43094781,C,A,20.1,0.023,0.0,0.185,Baja
17,43092577,G,A,19.83,0.426,0.0,0.18,Baja
17,43104162,G,T,18.81,0.6,0.0,0.18,Baja
17,43093685,A,G,22.8,0.615,0.0,0.18,Baja
17,43094022,C,G,18.72,0.69,0.0,0.18,Baja
17,43090978,C,T,5.747,0.121,0.0,0.18,Baja
17,43094102,C,A,0.684,0.677,0.0,0.18,Baja
17,43049192,G,T,22.3,0.555,0.0,0.18,Baja
17,43095885,C,T,19.18,0.56,0.0,0.18,Baja
17,43092433,T,C,11.55,0.161,0.0,0.18,Baja
17,43092058,T,A,23.1,0.467,0.0,0.18,Baja
17,43067617,T,G,22.9,0.522,0.0,0.175,Baja
17,43094359,T,C,18.42,0.067,0.0,0.175,Baja
17,43091570,A,T,19.99,0.489,0.0,0.175,Baja
17,43104881,G,T,21.1,0.102,0.0,0.175,Baja
17,43104126,G,A,21.0,0.018,0.0,0.175,Baja
17,43115747,T,C,22.2,0.55,0.0,0.175,Baja
17,43095849,T,G,19.2,0.589,0.0,0.17,Baja
17,43095860,T,A,22.4,0.546,0.0,0.17,Baja
17,43094806,C,A,19.2,0.019,0.0,0.17,Baja
17,43082415,G,A,11.57,0.293,0.0,0.17,Baja
17,43094781,C,A,20.1,0.548,0.0,0.17,Baja
17,43076560,C,T,11.69,0.183,0.0,0.17,Baja
17,43124028,C,G,22.1,0.609,0.0,0.165,Baja
17,43094247,T,A,22.4,0.531,0.0,0.165,Baja
17,43094845,G,C,22.4,0.538,0.0,0.165,Baja
17,43099796,T,A,19.9,0.051,0.0,0.165,Baja
17,43094297,C,A,11.66,0.588,0.0,0.165,Baja
17,43104251,G,T,19.62,0.588,0.0,0.165,Baja
17,43082487,G,A,19.46,0.021,0.0,0.16,Baja
17,43099796,T,A,19.9,0.477,0.0,0.16,Baja
17,43063352,T,C,22.9,0.531,0.0,0.16,Baja
17,43071235,C,A,13.3,0.666,0.0,0.16,Baja
17,43074516,G,A,24.4,0.627,0.0,0.16,Baja
17,43095876,C,A,23.0,0.578,0.0,0.16,Baja
17,43104231,T,A,25.0,0.615,0.0,0.16,Baja
17,43091024,C,A,20.5,0.024,0.0,0.155,Baja
17,43091667,T,A,1.656,0.518,0.0,0.155,Baja
17,43063344,T,C,11.55,0.48,0.0,0.155,Baja
17,43094656,A,G,19.91,0.565,0.0,0.155,Baja
17,43074430,C,G,20.1,0.541,0.0,0.155,Baja
17,43093775,G,T,19.98,0.467,0.0,0.155,Baja
17,43076545,T,C,20.8,0.087,0.0,0.15,Baja
17,43094031,A,T,19.41,0.49,0.0,0.15,Baja
17,43091621,C,G,20.3,0.026,0.0,0.15,Baja
17,43067672,T,A,19.68,0.651,0.0,0.15,Baja
17,43067680,A,G,22.1,0.601,0.0,0.15,Baja
17,43099844,C,G,23.1,0.621,0.0,0.15,Baja
17,43104153,A,T,20.3,0.026,0.0,0.15,Baja
17,43074435,G,C,22.8,0.606,0.0,0.15,Baja
17,43057133,A,T,22.3,0.546,0.0,0.15,Baja
17,43049186,C,T,22.2,0.509,0.0,0.15,Baja
17,43045776,C,T,19.98,0.585,0.0,0.145,Baja
17,43063337,T,A,22.3,0.535,0.0,0.145,Baja
17,43091500,T,A,19.52,0.054,0.0,0.145,Baja
17,43092865,G,C,19.88,0.365,0.0,0.14,Baja
17,43094557,T,C,21.1,0.129,0.0,0.14,Baja
17,43104251,G,T,19.62,0.082,0.0,0.14,Baja
17,43076606,T,C,19.76,0.239,0.0,0.14,Baja
17,43124057,C,A,23.2,0.607,0.0,0.14,Baja
17,43063347,T,C,23.8,0.599,0.0,0.14,Baja
17,43104259,C,T,19.57,0.048,0.0,0.135,Baja
17,43093778,C,T,19.01,0.511,0.0,0.135,Baja
17,43104126,G,A,21.0,0.498,0.0,0.135,Baja
17,43091592,C,A,20.5,0.55,0.0,0.135,Baja
17,43094636,C,T,23.5,0.59,0.0,0.135,Baja
17,43076557,A,G,21.4,0.034,0.0,0.135,Baja
17,43076591,T,C,14.25,0.129,0.0,0.135,Baja
17,43104201,T,C,23.8,0.605,0.0,0.135,Baja
17,43093574,T,C,1.41,0.526,0.0,0.135,Baja
17,43093957,A,C,19.08,0.62,0.0,0.135,Baja
17,43082558,T,A,19.2,0.119,0.0,0.135,Baja
17,43099776,C,A,19.14,0.114,0.0,0.13,Baja
17,43104895,C,A,24.9,0.64,0.0,0.13,Baja
17,43071190,G,T,21.7,0.494,0.0,0.13,Baja
17,43104931,T,C,23.6,0.619,0.0,0.13,Baja
17,43076500,G,A,15.04,0.136,0.0,0.13,Baja
17,43099816,T,G,20.8,0.11,0.0,0.125,Baja
17,43104141,T,A,18.8,0.072,0.0,0.125,Baja
17,43104141,T,A,18.8,0.516,0.0,0.125,Baja
17,43076569,T,G,18.92,0.239,0.0,0.125,Baja
17,43094233,G,T,22.2,0.539,0.0,0.125,Baja
17,43124048,C,G,24.8,0.639,0.0,0.125,Baja
17,43067655,A,G,24.8,0.629,0.0,0.125,Baja
17,43093763,T,G,22.2,0.538,0.0,0.125,Baja
17,43104230,T,G,20.5,0.114,0.0,0.12,Baja
17,43115764,C,G,22.3,0.614,0.0,0.12,Baja
17,43082563,T,C,23.0,0.517,0.0,0.12,Baja
17,43099831,G,A,20.1,0.519,0.0,0.12,Baja
17,43076504,C,T,21.6,0.218,0.0,0.12,Baja
17,43094637,A,C,23.0,0.517,0.0,0.12,Baja
17,43082490,T,C,20.6,0.112,0.0,0.12,Baja
17,43047688,C,T,24.8,0.624,0.0,0.115,Baja
17,43090949,T,G,24.7,0.623,0.0,0.115,Baja
17,43104202,C,T,24.8,0.643,0.0,0.115,Baja
17,43094260,C,A,11.7,0.037,0.0,0.115,Baja
17,43091590,T,C,18.05,0.069,0.0,0.115,Baja
17,43092535,A,G,11.48,0.27,0.0,0.115,Baja
17,43106518,T,A,24.1,0.604,0.0,0.115,Baja
17,43099857,T,G,1.453,0.51,0.0,0.115,Baja
17,43082493,C,A,20.7,0.08,0.0,0.115,Baja
17,43092596,G,C,11.48,0.254,0.0,0.115,Baja
17,43067635,C,T,22.5,0.612,0.0,0.115,Baja
17,43063347,T,G,23.6,0.614,0.0,0.11,Baja
17,43094126,C,A,1.225,0.575,0.0,0.11,Baja
17,43124072,C,G,20.8,0.586,0.0,0.11,Baja
17,43094185,G,A,19.2,0.117,0.0,0.11,Baja
17,43104927,T,C,23.6,0.614,0.0,0.11,Baja
17,43104229,T,A,23.5,0.604,0.0,0.11,Baja
17,43099857,T,A,1.282,0.018,0.0,0.11,Baja
17,43074517,A,C,20.2,0.541,0.0,0.11,Baja
17,43070935,T,G,21.4,0.586,0.0,0.11,Baja
17,43093243,G,A,21.2,0.547,0.0,0.11,Baja
17,43082572,T,C,22.5,0.594,0.0,0.105,Baja
17,43094777,G,T,20.5,0.032,0.0,0.105,Baja
17,43071078,C,A,11.71,0.495,0.0,0.105,Baja
17,43091024,C,G,21.7,0.459,0.0,0.105,Baja
17,43067617,T,A,23.1,0.522,0.0,0.105,Baja
17,43074339,T,C,11.55,0.551,0.0,0.105,Baja
17,43074342,C,T,11.62,0.558,0.0,0.105,Baja
17,43076567,G,T,11.52,0.34,0.0,0.105,Baja
17,43104185,T,A,21.1,0.042,0.0,0.105,Baja
17,43076594,T,G,21.5,0.185,0.0,0.105,Baja
17,43074354,G,A,17.73,0.519,0.0,0.105,Baja
17,43057069,C,T,23.5,0.598,0.0,0.105,Baja
17,43104127,A,G,11.61,0.562,0.0,0.105,Baja
17,43074521,C,G,20.5,0.544,0.0,0.1,Baja
17,43071078,C,G,11.41,0.495,0.0,0.1,Baja
17,43091914,G,T,11.53,0.471,0.0,0.1,Baja
17,43067623,C,G,20.7,0.546,0.0,0.1,Baja
17,43092850,T,A,19.93,0.335,0.0,0.1,Baja
17,43106533,T,A,21.1,0.545,0.0,0.1,Baja
17,43099850,T,G,20.1,0.53,0.0,0.1,Baja
17,43090965,C,A,19.98,0.651,0.0,0.1,Baja
17,43097265,A,G,11.57,0.588,0.0,0.1,Baja
17,43094293,A,C,17.53,0.069,0.0,0.1,Baja
17,43051070,C,T,23.3,0.606,0.0,0.09699404761904763,Baja
17,43071190,G,A,21.4,0.543,0.0,0.095,Baja
17,43095872,T,G,20.3,0.539,0.0,0.095,Baja
17,43094729,T,G,18.68,0.114,0.0,0.095,Baja
17,43045718,T,A,22.5,0.599,0.0,0.095,Baja
17,43094185,G,A,19.2,0.493,0.0,0.095,Baja
17,43051066,T,A,24.6,0.598,0.0,0.095,Baja
17,43091962,G,C,21.7,0.557,0.0,0.095,Baja
17,43104244,A,G,22.4,0.608,0.0,0.095,Baja
17,43076584,T,A,8.211,0.12,0.0,0.095,Baja
17,43091489,C,G,18.77,0.063,0.0,0.095,Baja
17,43092613,A,C,19.52,0.485,0.0,0.09,Baja
17,43071124,G,C,1.502,0.497,0.0,0.09,Baja
17,43099804,G,C,18.74,0.545,0.0,0.09,Baja
17,43057101,C,G,24.1,0.655,1.9729573315094438e-05,0.09,Baja
17,43071050,T,C,1.438,0.542,0.0,0.09,Baja
17,43076501,G,T,12.34,0.138,0.0,0.09,Baja
17,43099877,C,T,22.6,0.603,0.0,0.09,Baja
17,43076547,G,C,19.37,0.212,0.0,0.09,Baja
17,43076596,T,A,21.6,0.295,0.0,0.09,Baja
17,43082499,T,G,21.6,0.271,0.0,0.09,Baja
17,43099780,T,G,20.8,0.048,0.0,0.09,Baja
17,43099825,C,T,14.6,0.118,0.0,0.09,Baja
17,43104126,G,C,20.7,0.039,0.0,0.09,Baja
17,43091590,T,C,18.05,0.497,0.0,0.09,Baja
17,43091592,C,A,20.5,0.046,0.0,0.09,Baja
17,43093893,C,G,1.311,0.575,0.0,0.09,Baja
17,43097273,T,G,22.2,0.588,0.0,0.09,Baja
17,43104888,T,G,24.6,0.604,0.0,0.085,Baja
17,43051117,T,G,19.3,0.399,0.0,0.085,Baja
17,43082570,C,A,20.9,0.146,0.0,0.085,Baja
17,43074367,A,C,1.33,0.572,0.0,0.085,Baja
17,43070987,T,C,1.327,0.57,0.0,0.085,Baja
17,43095879,T,C,19.51,0.48,0.0,0.085,Baja
17,43071208,C,A,17.66,0.659,0.0,0.085,Baja
17,43094171,T,G,8.519,0.52,0.0,0.085,Baja
17,43104259,C,T,19.57,0.591,0.0,0.085,Baja
17,43092382,C,T,21.6,0.38,0.0,0.085,Baja
17,43074428,C,A,15.84,0.497,0.0,0.085,Baja
17,43091522,C,A,21.7,0.595,0.0,0.08,Baja
17,43091956,G,C,21.7,0.606,0.0,0.08,Baja
17,43094855,A,G,22.4,0.599,0.0,0.08,Baja
17,43094533,G,T,13.54,0.107,0.0,0.08,Baja
17,43097289,C,G,22.4,0.599,0.0,0.08,Baja
17,43097246,G,C,19.97,0.638,0.0,0.08,Baja
17,43091603,T,A,11.46,0.552,0.0,0.075,Baja
17,43063364,T,C,17.73,0.586,0.0,0.075,Baja
17,43082556,T,C,21.6,0.289,6.5696116045619385e-06,0.075,Baja
17,43124028,C,A,22.2,0.609,0.0,0.075,Baja
17,43094777,G,T,20.5,0.5,0.0,0.075,Baja
17,43104147,T,C,18.37,0.108,0.0,0.075,Baja
17,43091008,C,T,15.97,0.114,0.0,0.075,Baja
17,43092051,C,A,19.27,0.424,0.0,0.075,Baja
17,43076582,G,C,17.66,0.14,0.0,0.075,Baja
17,43076501,G,A,11.7,0.174,0.0,0.075,Baja
17,43094491,A,C,16.8,0.112,0.0,0.07,Baja
17,43067650,T,C,11.72,0.398,0.0,0.07,Baja
17,43093388,T,C,1.547,0.499,0.0,0.07,Baja
17,43071047,C,A,1.35,0.59,0.0,0.07,Baja
17,43076545,T,G,19.28,0.192,0.0,0.07,Baja
17,43076528,C,T,14.44,0.112,0.0,0.07,Baja
17,43094614,T,C,19.1,0.154,0.0,0.07,Baja
17,43099856,G,C,15.9,0.11,0.0,0.07,Baja
17,43094797,T,C,19.17,0.611,0.0,0.07,Baja
17,43094675,C,T,19.29,0.202,0.0,0.065,Baja
17,43094767,T,C,19.6,0.592,0.0,0.065,Baja
17,43104196,A,C,17.77,0.063,0.0,0.065,Baja
17,43082472,G,A,18.51,0.013,3.420300165542528e-06,0.065,Baja
17,43092367,C,A,22.2,0.603,0.0,0.065,Baja
17,43074365,C,A,0.552,0.526,0.0,0.065,Baja
17,43093114,G,C,11.41,0.405,0.0,0.065,Baja
17,43091792,C,G,0.288,0.525,0.0,0.065,Baja
17,43071145,A,G,1.745,0.498,0.0,0.065,Baja
17,43099833,T,A,19.92,0.618,0.0,0.065,Baja
17,43071203,A,G,17.95,0.55,0.0,0.065,Baja
17,43071163,G,A,11.48,0.618,0.0,0.065,Baja
17,43070941,G,C,22.9,0.598,0.0,0.065,Baja
17,43082521,G,C,18.8,0.024,0.0,0.065,Baja
17,43094314,T,C,11.37,0.068,0.0,0.065,Baja
17,43097269,T,C,11.47,0.604,0.0,0.065,Baja
17,43104261,T,C,20.2,0.015,1.3142849632657353e-05,0.065,Baja
17,43076582,G,T,16.72,0.143,0.0,0.065,Baja
17,43094247,T,G,22.3,0.606,0.0,0.065,Baja
17,43094574,G,T,20.1,0.167,0.0,0.065,Baja
17,43099833,T,G,18.72,0.058,0.0,0.06,Baja
17,43099776,C,A,19.14,0.621,0.0,0.06,Baja
17,43074519,G,A,18.82,0.472,0.0,0.06,Baja
17,43045703,G,T,21.2,0.503,0.0,0.06,Baja
17,43115778,G,T,22.3,0.59,0.0,0.06,Baja
17,43095854,G,A,20.4,0.551,0.0,0.06,Baja
17,43082472,G,A,18.51,0.15,3.420300165542528e-06,0.06,Baja
17,43091005,T,C,22.9,0.6,0.0,0.06,Baja
17,43099795,G,A,18.57,0.072,0.0,0.06,Baja
17,43074414,A,G,1.491,0.604,0.0,0.06,Baja
17,43097256,G,A,20.6,0.584,0.0,0.055,Baja
17,43104162,G,T,18.81,0.049,0.0,0.055,Baja
17,43071092,C,A,1.882,0.505,0.0,0.055,Baja
17,43093637,T,G,20.7,0.501,0.0,0.055,Baja
17,43091626,T,C,11.88,0.062,0.0,0.055,Baja
17,43071023,T,C,11.75,0.499,0.0,0.055,Baja
17,43094278,T,C,18.02,0.063,0.0,0.055,Baja
17,43074345,G,A,20.4,0.538,0.0,0.055,Baja
17,43082503,G,C,18.13,0.097,0.0,0.055,Baja
17,43082542,G,C,21.2,0.199,0.0,0.055,Baja
17,43045783,C,G,1.882,0.498,0.0,0.055,Baja
17,43047703,C,T,19.42,0.339,0.0,0.055,Baja
17,43045790,A,T,18.82,0.414,0.0,0.055,Baja
17,43071030,C,A,1.076,0.544,0.0,0.055,Baja
17,43076546,T,C,19.41,0.309,0.0,0.055,Baja
17,43094364,A,C,18.07,0.065,0.0,0.055,Baja
17,43091901,C,G,20.6,0.535,0.0,0.05,Baja
17,43104182,A,C,21.0,0.191,0.0,0.05,Baja
17,43099833,T,G,18.72,0.618,0.0,0.05,Baja
17,43063914,A,C,18.72,0.607,0.0,0.05,Baja
17,43071030,C,T,1.748,0.546,0.0,0.05,Baja
17,43093871,C,G,19.64,0.608,0.0,0.05,Baja
17,43071094,A,G,1.073,0.575,0.0,0.05,Baja
17,43076545,T,G,19.28,0.264,0.0,0.05,Baja
17,43104230,T,G,20.5,0.582,0.0,0.05,Baja
17,43047702,C,T,1.656,0.539,0.0,0.05,Baja
17,43094260,C,A,11.7,0.521,0.0,0.05,Baja
17,43071041,A,T,1.119,0.563,0.0,0.05,Baja
17,43074336,T,C,21.6,0.639,0.0,0.05,Baja
17,43070995,G,A,1.555,0.587,0.0,0.045,Baja
17,43093850,A,C,2.673,0.51,0.0,0.045,Baja
17,43092522,A,C,11.4,0.308,0.0,0.045,Baja
17,43094278,T,C,18.02,0.495,0.0,0.045,Baja
17,43082521,G,C,18.8,0.186,0.0,0.045,Baja
17,43094644,C,T,18.54,0.089,0.0,0.045,Baja
17,43093861,G,T,20.2,0.509,0.0,0.045,Baja
17,43104138,G,A,9.451,0.119,0.0,0.045,Baja
17,43115757,C,T,20.2,0.512,0.0,0.045,Baja
17,43093768,C,A,20.9,0.582,0.0,0.045,Baja
17,43045790,A,T,18.82,0.327,0.0,0.045,Baja
17,43094173,T,C,16.26,0.075,0.0,0.045,Baja
17,43106468,T,C,21.1,0.589,0.0,0.045,Baja
17,43091461,T,C,16.86,0.1,0.0,0.045,Baja
17,43124031,T,G,21.1,0.648,0.0,0.045,Baja
17,43070967,T,G,19.56,0.619,0.0,0.045,Baja
17,43097282,A,T,18.61,0.592,0.0,0.045,Baja
17,43082569,C,T,21.4,0.385,0.0,0.045,Baja
17,43092743,G,T,1.905,0.526,0.0,0.045,Baja
17,43094539,C,T,17.44,0.098,0.0,0.045,Baja
17,43099804,G,C,18.74,0.031,0.0,0.045,Baja
17,43082561,C,G,16.15,0.072,0.0,0.045,Baja
17,43093949,T,C,17.94,0.593,0.0,0.045,Baja
17,43071209,T,A,17.94,0.584,0.0,0.04,Baja
17,43074496,A,C,1.904,0.533,0.0,0.04,Baja
17,43092299,G,T,13.59,0.496,0.0,0.04,Baja
17,43104159,T,G,17.71,0.545,0.0,0.04,Baja
17,43094440,G,A,3.292,0.497,0.0,0.04,Baja
17,43099790,C,G,18.67,0.612,0.0,0.04,Baja
17,43104153,A,T,20.3,0.513,0.0,0.04,Baja
17,43045699,C,A,15.59,0.52,0.0,0.04,Baja
17,43095911,T,G,14.09,0.52,0.0,0.04,Baja
17,43045699,C,G,15.02,0.52,0.0,0.04,Baja
17,43071124,G,T,3.381,0.515,0.0,0.04,Baja
17,43095859,A,T,15.64,0.496,0.0,0.04,Baja
17,43063349,C,T,16.66,0.496,0.0,0.04,Baja
17,43104136,C,G,15.71,0.495,0.0,0.04,Baja
17,43104228,T,G,15.21,0.586,0.0,0.035,Baja
17,43091629,C,A,21.4,0.505,0.0,0.035,Baja
17,43074504,C,A,12.45,0.549,0.0,0.035,Baja
17,43076491,T,G,11.43,0.557,0.0,0.035,Baja
17,43099816,T,C,14.51,0.549,0.0,0.035,Baja
17,43094546,T,G,11.39,0.418,0.0,0.035,Baja
17,43091458,T,A,20.3,0.192,0.0,0.035,Baja
17,43094724,C,G,14.8,0.073,0.0,0.035,Baja
17,43104910,A,T,21.3,0.531,0.0,0.035,Baja
17,43094734,A,G,20.6,0.527,0.0,0.035,Baja
17,43095854,G,C,16.89,0.549,0.0,0.035,Baja
17,43076595,T,A,16.74,0.077,0.0,0.035,Baja
17,43051070,C,A,23.0,0.606,0.0,0.035,Baja
17,43104234,T,C,21.5,0.578,0.0,0.035,Baja
17,43094185,G,C,13.92,0.093,0.0,0.035,Baja
17,43076569,T,C,14.98,0.075,0.0,0.035,Baja
17,43045687,G,T,14.64,0.55,0.0,0.035,Baja
17,43095861,C,A,21.5,0.575,6.842528779676047e-07,0.035,Baja
17,43090956,A,C,17.99,0.583,0.0,0.035,Baja
17,43074492,T,C,10.66,0.55,0.0,0.035,Baja
17,43091007,A,T,18.05,0.577,0.0,0.035,Baja
17,43094520,T,G,14.51,0.095,0.0,0.035,Baja
17,43071206,G,C,18.57,0.575,0.0,0.035,Baja
17,43092481,T,G,20.7,0.431,0.0,0.035,Baja
17,43104210,A,C,17.71,0.585,0.0,0.035,Baja
17,43094785,G,A,1.826,0.58,0.0,0.035,Baja
17,43071214,C,G,17.7,0.65,0.0,0.035,Baja
17,43094782,T,C,20.8,0.194,0.0,0.035,Baja
17,43063948,G,A,17.94,0.621,0.0,0.035,Baja
17,43045694,G,A,19.09,0.424,0.0,0.035,Baja
17,43082499,T,A,21.4,0.304,0.0,0.035,Baja
17,43071128,A,C,12.21,0.55,0.0,0.035,Baja
17,43104141,T,C,15.79,0.094,0.0,0.035,Baja
17,43071214,C,T,20.6,0.647,0.0,0.035,Baja
17,43071238,T,A,20.8,0.622,0.0,0.03,Baja
17,43074343,T,A,17.77,0.619,0.0,0.03,Baja
17,43104196,A,C,17.77,0.568,0.0,0.03,Baja
17,43104258,G,A,21.3,0.618,6.863050571074438e-07,0.03,Baja
17,43099863,A,T,16.81,0.064,0.0,0.03,Baja
17,43082475,T,C,16.23,0.025,2.0521857145984284e-06,0.03,Baja
17,43082454,G,A,18.64,0.023,0.0,0.03,Baja
17,43094200,C,G,17.54,0.088,0.0,0.03,Baja
17,43076582,G,A,16.66,0.152,0.0,0.03,Baja
17,43093541,T,C,17.94,0.634,0.0,0.03,Baja
17,43115726,T,A,21.4,0.356,0.0,0.03,Baja
17,43092232,C,T,1.272,0.37,0.0,0.03,Baja
17,43099802,G,C,21.4,0.493,0.0,0.03,Baja
17,43071175,G,A,17.73,0.553,0.0,0.03,Baja
17,43049173,T,G,18.6,0.609,0.0,0.03,Baja
17,43074335,A,C,8.282,0.586,0.0,0.03,Baja
17,43094314,T,C,11.37,0.343,0.0,0.03,Baja
17,43074338,T,G,17.86,0.583,0.0,0.03,Baja
17,43090978,C,T,5.747,0.586,0.0,0.03,Baja
17,43099795,G,A,18.57,0.542,0.0,0.03,Baja
17,43094435,C,A,15.85,0.066,0.0,0.03,Baja
17,43091009,T,A,20.7,0.52,0.0,0.03,Baja
17,43094006,T,A,1.807,0.638,0.0,0.03,Baja
17,43092589,G,A,21.3,0.326,6.5766974456107125e-06,0.03,Baja
17,43094614,T,C,19.1,0.456,0.0,0.03,Baja
17,43082499,T,A,21.4,0.285,0.0,0.03,Baja
17,43076599,T,A,20.6,0.194,0.0,0.03,Baja
17,43104174,T,A,20.2,0.567,0.0,0.03,Baja
17,43094644,C,T,18.54,0.604,0.0,0.03,Baja
17,43074472,T,C,7.685,0.586,0.0,0.03,Baja
17,43074365,C,G,0.462,0.527,0.0,0.03,Baja
17,43057105,T,G,23.1,0.612,0.0,0.03,Baja
17,43071169,T,C,15.46,0.602,0.0,0.03,Baja
17,43093555,G,T,17.7,0.491,0.0,0.025,Baja
17,43091723,A,C,1.721,0.621,0.0,0.025,Baja
17,43071025,T,C,12.28,0.497,6.840478669335365e-07,0.025,Baja
17,43071079,T,C,1.049,0.544,0.0,0.025,Baja
17,43124074,A,G,20.6,0.591,0.0,0.025,Baja
17,43115766,T,C,21.6,0.624,0.0,0.025,Baja
17,43091897,A,C,20.3,0.565,0.0,0.025,Baja
17,43095897,T,C,11.39,0.509,0.0,0.025,Baja
17,43099864,C,T,11.29,0.433,0.0,0.025,Baja
17,43092149,G,C,20.3,0.562,0.0,0.025,Baja
17,43099868,G,A,17.7,0.476,0.0,0.025,Baja
17,43124078,G,T,15.3,0.503,1.3687698728275911e-06,0.025,Baja
17,43093434,C,G,1.644,0.616,0.0,0.025,Baja
17,43099793,A,T,21.0,0.579,0.0,0.025,Baja
17,43094530,G,C,17.71,0.271,0.0,0.025,Baja
17,43071040,T,A,0.024,0.514,0.0,0.025,Baja
17,43094530,G,C,17.71,0.525,0.0,0.025,Baja
17,43074359,T,G,1.674,0.586,1.3682174042726693e-06,0.025,Baja
17,43076557,A,G,21.4,0.404,0.0,0.025,Baja
17,43092930,C,G,18.02,0.592,0.0,0.025,Baja
17,43099801,T,G,15.53,0.637,0.0,0.025,Baja
17,43082571,C,T,17.01,0.08,0.0,0.025,Baja
17,43095884,C,G,18.5,0.597,0.0,0.025,Baja
17,43104193,T,G,17.98,0.555,0.0,0.025,Baja
17,43104151,G,C,17.9,0.014,0.0,0.025,Baja
17,43094782,T,C,20.8,0.591,0.0,0.025,Baja
17,43094167,T,C,1.343,0.475,0.0,0.025,Baja
17,43082556,T,C,21.6,0.451,6.5696116045619385e-06,0.025,Baja
17,43091548,G,A,17.85,0.615,0.0,0.025,Baja
17,43093903,C,T,0.038,0.511,0.0,0.025,Baja
17,43091009,T,C,20.4,0.514,0.0,0.025,Baja
17,43091488,C,T,0.798,0.51,0.0,0.025,Baja
17,43094217,C,G,0.046,0.515,0.0,0.025,Baja
17,43104159,T,G,17.71,0.269,0.0,0.025,Baja
17,43104158,T,G,21.2,0.382,0.0,0.025,Baja
17,43091458,T,A,20.3,0.561,0.0,0.025,Baja
17,43071028,T,C,14.4,0.43,0.0,0.02,Baja
17,43099784,T,G,21.2,0.596,0.0,0.02,Baja
17,43045715,G,C,17.98,0.523,0.0,0.02,Baja
17,43093039,T,C,14.74,0.514,1.3683428410355072e-06,0.02,Baja
17,43104241,C,T,20.5,0.51,0.0,0.02,Baja
17,43099856,G,T,16.94,0.498,0.0,0.02,Baja
17,43076570,T,C,19.13,0.217,0.0,0.02,Baja
17,43092046,T,G,19.23,0.337,0.0,0.02,Baja
17,43076489,T,C,18.26,0.626,6.842828442079563e-07,0.02,Baja
17,43071161,G,C,14.83,0.498,0.0,0.02,Baja
17,43067650,T,A,17.8,0.604,0.0,0.02,Baja
17,43092149,G,T,21.4,0.426,0.0,0.02,Baja
17,43090975,A,T,17.93,0.018,0.0,0.02,Baja
17,43090981,G,A,21.2,0.408,0.0,0.02,Baja
17,43090979,C,A,17.18,0.033,6.847420302875094e-07,0.02,Baja
17,43082487,G,A,19.46,0.247,0.0,0.02,Baja
17,43104158,T,G,21.2,0.514,0.0,0.02,Baja
17,43090961,C,T,21.2,0.335,0.0,0.02,Baja
17,43071166,C,G,12.58,0.586,6.840497386245948e-07,0.02,Baja
17,43092157,G,A,20.4,0.575,0.0,0.02,Baja
17,43104956,C,A,19.68,0.262,0.0,0.02,Baja
17,43094275,A,G,1.903,0.617,0.0,0.02,Baja
17,43093963,A,G,21.2,0.593,0.0,0.02,Baja
17,43091007,A,T,18.05,0.055,0.0,0.02,Baja
17,43076596,T,C,17.99,0.054,0.0,0.02,Baja
17,43104871,C,G,14.68,0.089,0.0,0.02,Baja
17,43104868,A,G,18.14,0.545,0.0,0.02,Baja
17,43091623,A,G,13.16,0.059,0.0,0.02,Baja
17,43063341,G,C,23.1,0.603,0.0,0.02,Baja
17,43091021,A,G,20.2,0.49,0.0,0.02,Baja
17,43074474,T,C,1.903,0.616,0.0,0.02,Baja
17,43074457,G,T,19.16,0.425,0.0,0.02,Baja
17,43094459,G,T,12.18,0.057,0.0,0.02,Baja
17,43093169,C,G,11.31,0.436,0.0,0.02,Baja
17,43074358,T,A,2.057,0.495,0.0,0.02,Baja
17,43070969,T,C,18.01,0.596,0.0,0.02,Baja
17,43045790,A,G,18.67,0.527,0.0,0.02,Baja
17,43099780,T,G,20.8,0.652,0.0,0.02,Baja
17,43095915,C,T,18.76,0.39,0.0,0.02,Baja
17,43071110,C,A,1.031,0.531,0.0,0.02,Baja
17,43094639,T,A,21.4,0.625,0.0,0.02,Baja
17,43071203,A,T,20.4,0.621,0.0,0.02,Baja
17,43090975,A,T,17.93,0.461,0.0,0.015,Baja
17,43092136,T,A,18.71,0.386,0.0,0.015,Baja
17,43071184,G,A,12.66,0.577,0.0,0.015,Baja
17,43104220,G,T,16.73,0.588,0.0,0.015,Baja
17,43099811,T,G,1.511,0.475,0.0,0.015,Baja
17,43067694,A,T,15.48,0.629,0.0,0.015,Baja
17,43092109,T,C,0.131,0.322,0.0,0.015,Baja
17,43092107,C,T,2.222,0.319,0.0,0.015,Baja
17,43074427,C,T,16.93,0.587,0.0,0.015,Baja
17,43091032,C,T,13.23,0.319,0.0,0.015,Baja
17,43093111,G,A,18.07,0.612,0.0,0.015,Baja
17,43092332,T,C,17.68,0.395,0.0,0.015,Baja
17,43092543,T,G,16.19,0.319,0.0,0.015,Baja
17,43095899,T,G,18.04,0.6,0.0,0.015,Baja
17,43099846,A,C,18.45,0.589,6.842416413041098e-07,0.015,Baja
17,43099846,A,C,18.45,0.303,6.842416413041098e-07,0.015,Baja
17,43094428,T,C,18.05,0.021,0.0,0.015,Baja
17,43082493,C,A,20.7,0.322,0.0,0.015,Baja
17,43094122,C,A,17.89,0.524,0.0,0.015,Baja
17,43094422,A,G,18.23,0.625,0.0,0.015,Baja
17,43099856,G,C,15.9,0.577,0.0,0.015,Baja
17,43082488,G,C,12.53,0.035,0.0,0.015,Baja
17,43074409,C,T,11.2,0.295,0.0,0.015,Baja
17,43094055,T,C,12.27,0.577,0.0,0.015,Baja
17,43093021,A,G,1.309,0.413,0.0,0.015,Baja
17,43076575,C,A,16.81,0.057,0.0,0.015,Baja
17,43082461,T,C,20.2,0.226,0.0,0.015,Baja
17,43095866,C,G,8.314,0.577,6.842069972481195e-07,0.015,Baja
17,43091780,A,T,0.295,0.528,0.0,0.015,Baja
17,43071131,A,G,0.003,0.578,0.0,0.015,Baja
17,43092754,G,A,13.28,0.429,0.0,0.015,Baja
17,43090956,A,C,17.99,0.051,0.0,0.015,Baja
17,43104261,T,A,14.86,0.429,0.0,0.015,Baja
17,43091489,C,G,18.77,0.422,0.0,0.015,Baja
17,43076596,T,C,17.99,0.269,0.0,0.015,Baja
17,43092895,T,C,19.64,0.308,0.0,0.015,Baja
17,43071106,G,A,11.21,0.486,0.0,0.015,Baja
17,43076587,T,C,18.21,0.02,0.0,0.015,Baja
17,43094734,A,G,20.6,0.554,0.0,0.015,Baja
17,43104151,G,C,17.9,0.528,0.0,0.015,Baja
17,43104253,T,C,17.91,0.538,0.0,0.015,Baja
17,43076551,G,T,17.3,0.019,0.0,0.015,Baja
17,43091465,G,C,13.2,0.158,0.0,0.015,Baja
17,43092887,A,C,21.0,0.507,0.0,0.015,Baja
17,43093012,C,T,0.031,0.319,0.0,0.015,Baja
17,43071127,G,A,18.48,0.645,0.0,0.015,Baja
17,43094814,A,C,12.8,0.058,0.0,0.015,Baja
17,43071230,G,A,15.56,0.613,0.0,0.015,Baja
17,43104144,C,G,1.963,0.614,0.0,0.015,Baja
17,43071110,C,T,0.139,0.508,0.0,0.015,Baja
17,43104247,T,G,17.81,0.506,0.0,0.015,Baja
17,43067646,A,C,1.83,0.484,0.0,0.015,Baja
17,43093720,T,C,16.47,0.588,0.0,0.015,Baja
17,43091471,T,G,16.66,0.321,0.0,0.015,Baja
17,43091987,G,C,11.24,0.391,0.0,0.015,Baja
17,43097259,T,G,18.03,0.563,0.0,0.01,Baja
17,43093102,T,C,15.51,0.362,0.0,0.01,Baja
17,43082570,C,A,20.9,0.571,0.0,0.01,Baja
17,43067676,G,A,18.42,0.603,0.0,0.01,Baja
17,43074454,G,T,14.95,0.518,0.0,0.01,Baja
17,43104185,T,A,21.1,0.628,0.0,0.01,Baja
17,43092889,T,C,17.44,0.327,0.0,0.01,Baja
17,43097289,C,T,21.4,0.634,0.0,0.01,Baja
17,43093086,A,C,9.743,0.517,0.0,0.01,Baja
17,43045740,G,A,21.6,0.598,0.0,0.01,Baja
17,43063337,T,G,21.1,0.511,0.0,0.01,Baja
17,43067667,T,A,15.44,0.482,0.0,0.01,Baja
17,43092931,T,G,21.1,0.633,0.0,0.01,Baja
17,43097266,C,A,10.64,0.588,0.0,0.01,Baja
17,43094814,A,T,12.81,0.039,0.0,0.01,Baja
17,43071179,G,A,2.719,0.585,0.0,0.01,Baja
17,43093112,C,G,18.01,0.57,0.0,0.01,Baja
17,43063349,C,G,18.46,0.532,0.0,0.01,Baja
17,43074394,G,C,1.409,0.379,0.0,0.01,Baja
17,43094520,T,G,14.51,0.638,0.0,0.01,Baja
17,43093885,G,C,12.34,0.494,0.0,0.01,Baja
17,43099816,T,G,20.8,0.558,0.0,0.01,Baja
17,43104210,A,G,18.17,0.598,0.0,0.01,Baja
17,43092551,A,C,11.14,0.35,0.0,0.01,Baja
17,43094494,G,C,11.12,0.234,0.0,0.01,Baja
17,43074426,T,A,18.12,0.627,0.0,0.01,Baja
17,43093058,C,G,15.5,0.425,0.0,0.01,Baja
17,43094791,T,A,12.24,0.021,0.0,0.01,Baja
17,43093964,A,T,20.2,0.593,0.0,0.01,Baja
17,43099828,A,G,20.5,0.638,0.0,0.01,Baja
17,43092616,C,A,16.08,0.494,0.0,0.01,Baja
17,43092776,G,C,0.347,0.326,0.0,0.01,Baja
17,43074358,T,C,3.685,0.504,6.841105741603227e-07,0.01,Baja
17,43074439,G,C,7.698,0.587,0.0,0.01,Baja
17,43099801,T,G,15.53,0.017,0.0,0.01,Baja
17,43092260,G,A,21.4,0.573,0.0,0.01,Baja
17,43074465,G,A,20.6,0.594,0.0,0.01,Baja
17,43094201,T,G,11.89,0.232,0.0,0.01,Baja
17,43071035,C,T,0.452,0.623,0.0,0.01,Baja
17,43099873,G,A,16.56,0.019,0.0,0.01,Baja
17,43074473,G,T,8.986,0.623,0.0,0.01,Baja
17,43094661,T,A,21.1,0.304,0.0,0.01,Baja
17,43106469,C,T,15.43,0.344,0.0,0.01,Baja
17,43076531,C,T,1.454,0.231,0.0,0.01,Baja
17,43099874,T,C,11.92,0.623,0.0,0.01,Baja
17,43082460,C,T,1.266,0.148,0.0,0.01,Baja
17,43091534,C,T,15.27,0.398,0.0,0.01,Baja
17,43104240,G,T,20.9,0.513,0.0,0.01,Baja
17,43104240,G,T,20.9,0.235,0.0,0.01,Baja
17,43049159,A,G,21.3,0.61,0.0,0.01,Baja
17,43076572,T,C,13.46,0.027,0.0,0.01,Baja
17,43082431,T,G,7.328,0.019,0.0,0.01,Baja
17,43106508,G,T,21.4,0.575,0.0,0.01,Baja
17,43094206,C,T,7.727,0.517,0.0,0.01,Baja
17,43094297,C,G,10.5,0.588,0.0,0.01,Baja
17,43076581,G,A,9.977,0.135,0.0,0.01,Baja
17,43095857,G,C,20.8,0.479,6.584318786378361e-06,0.01,Baja
17,43104898,A,G,21.5,0.515,0.0,0.01,Baja
17,43093562,G,C,20.7,0.514,0.0,0.01,Baja
17,43094234,C,T,17.22,0.655,0.0,0.01,Baja
17,43091782,T,G,13.18,0.055,0.0,0.01,Baja
17,43093564,T,G,1.334,0.355,0.0,0.01,Baja
17,43104147,T,C,18.37,0.53,0.0,0.01,Baja
17,43076608,A,G,20.8,0.233,0.0,0.01,Baja
17,43094268,T,G,6.681,0.64,0.0,0.01,Baja
17,43071235,C,T,13.07,0.637,0.0,0.01,Baja
17,43076519,T,C,11.17,0.194,0.0,0.01,Baja
17,43095878,C,A,16.45,0.639,0.0,0.01,Baja
17,43091018,C,G,16.83,0.499,0.0,0.01,Baja
17,43094171,T,C,2.696,0.526,0.0,0.01,Baja
17,43094169,A,C,11.8,0.488,0.0,0.01,Baja
17,43091024,C,T,21.4,0.488,0.0,0.01,Baja
17,43074514,G,C,5.43,0.517,0.0,0.01,Baja
17,43094165,T,G,16.71,0.552,0.0,0.01,Baja
17,43099856,G,A,20.6,0.593,0.0,0.01,Baja
17,43082472,G,C,18.3,0.186,0.0,0.01,Baja
17,43104174,T,A,20.2,0.474,0.0,0.01,Baja
17,43076491,T,C,11.93,0.492,3.421320575000821e-06,0.01,Baja
17,43093795,G,C,11.05,0.461,0.0,0.01,Baja
17,43090996,A,G,12.28,0.009,0.0,0.01,Baja
17,43074476,C,T,0.422,0.534,6.840759433749297e-07,0.01,Baja
17,43093222,G,A,15.96,0.397,0.0,0.01,Baja
17,43093791,G,C,2.285,0.463,0.0,0.01,Baja
17,43094818,T,A,8.723,0.584,0.0,0.005,Baja
17,43094476,T,C,10.88,0.433,0.0,0.005,Baja
17,43093912,T,G,8.24,0.542,6.84147080675992e-07,0.005,Baja
17,43095861,C,G,16.36,0.575,6.842528779676047e-07,0.005,Baja
17,43094290,T,C,15.82,0.025,0.0,0.005,Baja
17,43095909,C,T,16.57,0.585,0.0,0.005,Baja
17,43093071,T,A,12.1,0.253,0.0,0.005,Baja
17,43093226,T,G,16.83,0.3,0.0,0.005,Baja
17,43093544,T,C,6.917,0.298,0.0,0.005,Baja
17,43093938,C,T,11.37,0.534,0.0,0.005,Baja
17,43071062,G,T,11.95,0.399,0.0,0.005,Baja
17,43094729,T,G,18.68,0.468,0.0,0.005,Baja
17,43094531,G,A,12.05,0.484,0.0,0.005,Baja
17,43093249,T,A,18.67,0.468,0.0,0.005,Baja
17,43094093,T,A,20.2,0.642,0.0,0.005,Baja
17,43071034,G,C,0.52,0.622,0.0,0.005,Baja
17,43071026,C,T,13.46,0.525,6.840488027777854e-07,0.005,Baja
17,43095900,G,C,5.592,0.522,0.0,0.005,Baja
17,43095877,C,A,6.079,0.579,0.0,0.005,Baja
17,43094498,C,G,13.54,0.501,6.841452084522036e-07,0.005,Baja
17,43094503,T,C,2.865,0.004,0.0,0.005,Baja
17,43070997,C,A,0.77,0.588,0.0,0.005,Baja
17,43071035,C,A,0.105,0.622,0.0,0.005,Baja
17,43093039,T,A,2.253,0.458,0.0,0.005,Baja
17,43093056,G,T,8.644,0.386,0.0,0.005,Baja
17,43094507,G,C,7.281,0.626,0.0,0.005,Baja
17,43093000,C,A,9.477,0.529,0.0,0.005,Baja
17,43092997,A,C,11.9,0.492,0.0,0.005,Baja
17,43094414,T,C,4.532,0.549,0.0,0.005,Baja
17,43094828,T,G,17.37,0.017,0.0,0.005,Baja
17,43093475,C,T,18.3,0.533,0.0,0.005,Baja
17,43094494,G,C,11.12,0.53,0.0,0.005,Baja
17,43071055,G,A,10.59,0.529,0.0,0.005,Baja
17,43070980,C,A,13.69,0.644,0.0,0.005,Baja
17,43094675,C,G,20.9,0.256,0.0,0.005,Baja
17,43095875,T,G,2.378,0.571,0.0,0.005,Baja
17,43094839,G,C,8.909,0.523,0.0,0.005,Baja
17,43071043,C,G,0.921,0.544,0.0,0.005,Baja
17,43093897,A,T,8.939,0.55,0.0,0.005,Baja
17,43071061,T,C,4.026,0.566,6.840544178970525e-07,0.005,Baja
17,43093368,A,C,13.95,0.385,0.0,0.005,Baja
17,43091626,T,C,11.88,0.481,0.0,0.005,Baja
17,43091698,T,C,12.92,0.034,0.0,0.005,Baja
17,43091810,A,G,2.962,0.43,0.0,0.005,Baja
17,43076614,G,T,15.41,0.196,0.0,0.005,Baja
17,43071221,C,G,10.86,0.584,0.0,0.005,Baja
17,43082408,T,A,12.88,0.013,0.0,0.005,Baja
17,43091744,A,C,0.006,0.027,0.0,0.005,Baja
17,43104139,G,T,9.473,0.624,0.0,0.005,Baja
17,43104140,T,A,9.748,0.597,6.841723567000999e-07,0.005,Baja
17,43104255,T,C,14.57,0.303,0.0,0.005,Baja
17,43076537,C,T,4.984,0.228,0.0,0.005,Baja
17,43104253,T,G,21.0,0.6,0.0,0.005,Baja
17,43091674,C,T,11.02,0.301,0.0,0.005,Baja
17,43082427,G,A,0.018,0.232,0.0,0.005,Baja
17,43104145,T,C,10.15,0.547,0.0,0.005,Baja
17,43082430,T,A,13.42,0.041,0.0,0.005,Baja
17,43091576,C,G,6.532,0.58,0.0,0.005,Baja
17,43082430,T,A,13.42,0.227,0.0,0.005,Baja
17,43051102,C,T,17.5,0.58,0.0,0.005,Baja
17,43076600,G,C,12.82,0.009,0.0,0.005,Baja
17,43071104,G,C,8.104,0.526,0.0,0.005,Baja
17,43104897,C,G,17.62,0.529,0.0,0.005,Baja
17,43076542,A,C,12.89,0.015,0.0,0.005,Baja
17,43099869,A,C,14.4,0.626,0.0,0.005,Baja
17,43076543,A,C,12.72,0.015,0.0,0.005,Baja
17,43076545,T,C,20.8,0.317,0.0,0.005,Baja
17,43076549,C,A,16.2,0.384,0.0,0.005,Baja
17,43076551,G,A,17.58,0.187,0.0,0.005,Baja
17,43076560,C,A,14.01,0.047,0.0,0.005,Baja
17,43099873,G,A,16.56,0.547,0.0,0.005,Baja
17,43071092,C,T,5.192,0.529,0.0,0.005,Baja
17,43076566,G,A,15.62,0.3,0.0,0.005,Baja
17,43076578,A,T,12.09,0.203,0.0,0.005,Baja
17,43091968,C,T,16.18,0.591,0.0,0.005,Baja
17,43049193,A,T,18.36,0.527,0.0,0.005,Baja
17,43071101,A,T,2.714,0.575,0.0,0.005,Baja
17,43091932,T,G,6.195,0.506,6.84114318239035e-07,0.005,Baja
17,43104241,C,G,17.21,0.018,0.0,0.005,Baja
17,43104156,C,G,20.2,0.599,0.0,0.005,Baja
17,43082448,G,A,0.779,0.28,0.0,0.005,Baja
17,43082476,A,G,11.95,0.221,0.0,0.005,Baja
17,43104225,T,C,13.96,0.386,0.0,0.005,Baja
17,43071145,A,C,8.055,0.548,0.0,0.005,Baja
17,43082493,C,T,17.53,0.224,0.0,0.005,Baja
17,43082493,C,T,17.53,0.227,0.0,0.005,Baja
17,43104199,C,A,9.301,0.522,0.0,0.005,Baja
17,43082496,C,T,17.0,0.232,0.0,0.005,Baja
17,43104224,G,C,13.34,0.035,0.0,0.005,Baja
17,43082501,C,A,20.5,0.249,0.0,0.005,Baja
17,43057135,G,T,17.2,0.5,0.0,0.005,Baja
17,43082503,G,C,18.13,0.171,0.0,0.005,Baja
17,43071173,C,G,6.031,0.607,1.3680994772491897e-06,0.005,Baja
17,43071173,C,T,8.856,0.6,6.840497386245948e-07,0.005,Baja
17,43071209,T,C,14.33,0.585,0.0,0.005,Baja
17,43104220,G,A,16.51,0.594,0.0,0.005,Baja
17,43057111,C,G,21.5,0.615,0.0,0.005,Baja
17,43071133,G,T,13.0,0.58,0.0,0.005,Baja
17,43082475,T,C,16.23,0.308,2.0521857145984284e-06,0.005,Baja
17,43082448,G,A,0.779,0.025,0.0,0.005,Baja
17,43071128,A,T,11.39,0.544,0.0,0.005,Baja
17,43104157,T,C,17.48,0.545,0.0,0.005,Baja
17,43082451,G,A,1.365,0.208,0.0,0.005,Baja
17,43082456,G,C,2.797,0.047,0.0,0.005,Baja
17,43071119,C,T,2.307,0.532,0.0,0.005,Baja
17,43082457,T,A,10.47,0.224,0.0,0.005,Baja
17,43104232,C,T,15.2,0.599,0.0,0.005,Baja
17,43082460,C,T,1.266,0.03,0.0,0.005,Baja
17,43082469,G,A,15.7,0.229,0.0,0.005,Baja
17,43091020,G,A,13.15,0.547,0.0,0.005,Baja
17,43091009,T,A,20.7,0.299,0.0,0.005,Baja
17,43090998,G,T,17.47,0.521,0.0,0.005,Baja
17,43090998,G,T,17.47,0.028,0.0,0.005,Baja
17,43090986,G,C,9.793,0.608,6.846463938305145e-07,0.005,Baja
17,43090979,C,A,17.18,0.514,6.847420302875094e-07,0.005,Baja
17,43082473,G,C,5.307,0.214,2.0521969452364406e-06,0.005,Baja
17,43099864,C,T,11.29,0.031,0.0,0.005,Baja
17,43076573,G,T,14.92,0.23,0.0,0.005,Baja
17,43099840,G,C,16.81,0.529,0.0,0.005,Baja
17,43099807,T,C,13.02,0.024,0.0,0.005,Baja
17,43045688,C,T,12.88,0.465,6.842669243159725e-07,0.005,Baja
17,43092281,G,A,18.12,0.388,0.0,0.005,Baja
17,43092307,T,C,6.729,0.224,0.0,0.005,Baja
17,43074493,C,T,17.38,0.3,0.0,0.005,Baja
17,43074398,C,A,6.49,0.522,0.0,0.005,Baja
17,43074400,C,G,0.845,0.539,0.0,0.005,Baja
17,43074409,C,A,15.67,0.592,0.0,0.005,Baja
17,43074411,A,G,3.075,0.584,0.0,0.005,Baja
17,43045698,T,A,14.18,0.585,0.0,0.005,Baja
17,43074487,T,C,10.23,0.525,0.0,0.005,Baja
17,43099805,G,T,7.509,0.624,0.0,0.005,Baja
17,43074476,C,A,0.504,0.534,0.0,0.005,Baja
17,43076495,C,A,4.903,0.231,0.0,0.005,Baja
17,43099834,C,G,16.94,0.59,0.0,0.005,Baja
17,43074469,A,G,0.185,0.536,6.840637766340232e-07,0.005,Baja
17,43074425,C,A,15.77,0.624,0.0,0.005,Baja
17,43092431,T,G,7.786,0.386,0.0,0.005,Baja
17,43092443,T,G,12.06,0.452,0.0,0.005,Baja
17,43074432,T,C,16.68,0.589,0.0,0.005,Baja
17,43074456,A,G,16.51,0.622,0.0,0.005,Baja
17,43092457,G,C,15.91,0.591,0.0,0.005,Baja
17,43074452,C,G,14.75,0.625,0.0,0.005,Baja
17,43074442,A,G,8.095,0.523,0.0,0.005,Baja
17,43092488,C,T,11.93,0.388,0.0,0.005,Baja
17,43074376,G,T,2.693,0.492,0.0,0.005,Baja
17,43092463,A,T,12.72,0.5,0.0,0.005,Baja
17,43092757,A,C,1.315,0.209,0.0,0.005,Baja
17,43074366,A,C,14.39,0.433,0.0,0.005,Baja
17,43099856,G,T,16.94,0.052,0.0,0.005,Baja
17,43099857,T,G,1.453,0.025,0.0,0.005,Baja
17,43074351,T,C,2.501,0.617,0.0,0.005,Baja
17,43099853,A,C,17.53,0.591,0.0,0.005,Baja
17,43076495,C,G,4.909,0.231,0.0,0.005,Baja
17,43045686,G,A,4.567,0.581,6.842519415648842e-07,0.005,Baja
17,43076506,T,A,18.33,0.169,0.0,0.005,Baja
17,43124084,C,T,5.777,0.525,0.0,0.005,Baja
17,43092838,T,G,17.31,0.432,0.0,0.005,Baja
17,43076513,T,C,8.577,0.232,0.0,0.005,Baja
17,43124084,C,G,15.7,0.585,0.0,0.005,Baja
17,43076525,T,G,1.397,0.271,0.0,0.005,Baja
17,43092751,G,A,0.024,0.304,0.0,0.005,Baja
17,43074367,A,T,2.326,0.574,0.0,0.005,Baja
17,43076522,A,C,6.63,0.15,0.0,0.005,Baja
17,43071010,T,C,9.349,0.488,0.0,0.0,Baja
17,43094788,G,A,16.35,0.563,0.0,0.0,Baja
17,43045716,T,C,12.14,0.464,0.0,0.0,Baja
17,43094791,T,A,12.24,0.506,0.0,0.0,Baja
17,43045707,T,C,6.403,0.435,0.0,0.0,Baja
17,43045685,T,C,9.677,0.565,0.0,0.0,Baja
17,43071014,T,C,6.385,0.604,0.0,0.0,Baja
17,43094749,T,C,16.76,0.538,0.0,0.0,Baja
17,43094788,G,A,16.35,0.037,0.0,0.0,Baja
17,43045704,G,C,13.48,0.469,0.0,0.0,Baja
17,43124081,G,C,2.94,0.447,0.0,0.0,Baja
17,43104228,T,G,15.21,0.043,0.0,0.0,Baja
17,43104229,T,C,21.1,0.447,0.0,0.0,Baja
17,43045703,G,A,16.73,0.474,0.0,0.0,Baja
17,43045698,T,C,5.848,0.575,0.0,0.0,Baja
17,43071020,C,A,0.209,0.564,0.0,0.0,Baja
17,43071016,C,T,9.623,0.355,0.0,0.0,Baja
17,43104224,G,C,13.34,0.474,0.0,0.0,Baja
17,43071015,G,T,15.21,0.488,0.0,0.0,Baja
17,43045695,G,T,3.766,0.554,1.3685713073551127e-06,0.0,Baja
17,43094776,C,A,15.3,0.535,0.0,0.0,Baja
17,43104228,T,C,14.94,0.471,0.0,0.0,Baja
17,43094749,T,C,16.76,0.032,0.0,0.0,Baja
17,43094776,C,A,15.3,0.028,0.0,0.0,Baja
17,43045692,G,T,14.37,0.458,0.0,0.0,Baja
17,43104228,T,C,14.94,0.038,0.0,0.0,Baja
17,43104225,T,C,13.96,0.035,0.0,0.0,Baja
17,43047682,C,G,14.9,0.231,6.840497386245948e-07,0.0,Baja
17,43057089,T,C,18.16,0.485,0.0,0.0,Baja
17,43045717,G,T,11.33,0.536,0.0,0.0,Baja
17,43045802,G,T,9.895,0.472,0.0,0.0,Baja
17,43051069,G,T,16.96,0.481,0.0,0.0,Baja
17,43047646,G,A,18.05,0.287,0.0,0.0,Baja
17,43047651,C,A,14.0,0.597,0.0,0.0,Baja
17,43049189,G,C,17.58,0.582,0.0,0.0,Baja
17,43049174,G,C,16.48,0.374,0.0,0.0,Baja
17,43070992,G,A,17.12,0.531,0.0,0.0,Baja
17,43104212,A,T,7.231,0.022,0.0,0.0,Baja
17,43047651,C,A,14.0,0.316,0.0,0.0,Baja
17,43094676,A,T,17.42,0.463,0.0,0.0,Baja
17,43047653,A,T,9.654,0.442,0.0,0.0,Baja
17,43049128,A,C,7.797,0.511,0.0,0.0,Baja
17,43047653,A,T,9.654,0.191,0.0,0.0,Baja
17,43049126,C,G,3.847,0.487,0.0,0.0,Baja
17,43047655,T,A,5.084,0.538,0.0,0.0,Baja
17,43094676,A,T,17.42,0.568,0.0,0.0,Baja
17,43047655,T,A,5.084,0.146,0.0,0.0,Baja
17,43047696,T,C,0.815,0.49,0.0,0.0,Baja
17,43047693,G,T,16.79,0.516,0.0,0.0,Baja
17,43047691,T,G,0.591,0.168,0.0,0.0,Baja
17,43047691,T,G,0.591,0.475,0.0,0.0,Baja
17,43047691,T,A,1.206,0.217,0.0,0.0,Baja
17,43047646,G,A,18.05,0.378,0.0,0.0,Baja
17,43070986,G,A,8.36,0.601,0.0,0.0,Baja
17,43057095,T,C,16.9,0.427,0.0,0.0,Baja
17,43094721,A,T,17.22,0.606,0.0,0.0,Baja
17,43104241,C,G,17.21,0.561,0.0,0.0,Baja
17,43104246,T,G,10.01,0.036,0.0,0.0,Baja
17,43104246,T,G,10.01,0.574,0.0,0.0,Baja
17,43070980,C,T,8.599,0.618,0.0,0.0,Baja
17,43106467,A,C,12.18,0.562,0.0,0.0,Baja
17,43071005,G,T,16.1,0.568,0.0,0.0,Baja
17,43070998,A,G,6.127,0.484,0.0,0.0,Baja
17,43104255,T,C,14.57,0.009,0.0,0.0,Baja
17,43104256,T,C,20.4,0.472,0.0,0.0,Baja
17,43104261,T,A,14.86,0.034,0.0,0.0,Baja
17,43045779,G,T,11.87,0.531,0.0,0.0,Baja
17,43045781,G,A,12.63,0.486,0.0,0.0,Baja
17,43094724,C,G,14.8,0.524,0.0,0.0,Baja
17,43104261,T,C,20.2,0.563,1.3142849632657353e-05,0.0,Baja
17,43104871,C,G,14.68,0.447,0.0,0.0,Baja
17,43045781,G,T,16.54,0.507,0.0,0.0,Baja
17,43104872,C,G,14.18,0.576,0.0,0.0,Baja
17,43094721,A,T,17.22,0.237,0.0,0.0,Baja
17,43104872,C,G,14.18,0.034,0.0,0.0,Baja
17,43057058,G,T,13.76,0.412,0.0,0.0,Baja
17,43045785,C,T,15.62,0.407,0.0,0.0,Baja
17,43104214,G,A,16.1,0.522,0.0,0.0,Baja
17,43067673,C,T,8.653,0.376,0.0,0.0,Baja
17,43104212,A,T,7.231,0.634,0.0,0.0,Baja
17,43095900,G,T,13.12,0.609,0.0,0.0,Baja
17,43067647,G,C,0.118,0.488,0.0,0.0,Baja
17,43095912,G,C,7.533,0.458,0.0,0.0,Baja
17,43095912,G,T,8.236,0.543,0.0,0.0,Baja
17,43099850,T,C,13.62,0.403,0.0,0.0,Baja
17,43095917,C,T,7.777,0.581,0.0,0.0,Baja
17,43095920,A,G,16.76,0.553,0.0,0.0,Baja
17,43070930,A,G,4.84,0.364,0.0,0.0,Baja
17,43070929,A,T,9.366,0.488,0.0,0.0,Baja
17,43099847,G,A,16.6,0.528,0.0,0.0,Baja
17,43067648,A,C,15.63,0.463,0.0,0.0,Baja
17,43099840,G,C,16.81,0.013,0.0,0.0,Baja
17,43099838,C,T,18.02,0.485,0.0,0.0,Baja
17,43097251,A,C,3.29,0.61,0.0,0.0,Baja
17,43097251,A,G,13.41,0.627,0.0,0.0,Baja
17,43097253,G,A,7.419,0.612,0.0,0.0,Baja
17,43095908,T,C,14.87,0.531,0.0,0.0,Baja
17,43099861,A,G,6.431,0.023,0.0,0.0,Baja
17,43097253,G,C,0.737,0.57,0.0,0.0,Baja
17,43099861,A,G,6.431,0.552,0.0,0.0,Baja
17,43099869,A,T,14.13,0.018,0.0,0.0,Baja
17,43095882,T,C,10.02,0.484,0.0,0.0,Baja
17,43099869,A,T,14.13,0.627,0.0,0.0,Baja
17,43095884,C,T,16.28,0.63,0.0,0.0,Baja
17,43099869,A,C,14.4,0.018,0.0,0.0,Baja
17,43095887,T,C,17.53,0.598,0.0,0.0,Baja
17,43099868,G,C,14.43,0.394,0.0,0.0,Baja
17,43099865,T,C,6.558,0.602,0.0,0.0,Baja
17,43095891,G,A,12.44,0.615,0.0,0.0,Baja
17,43095891,G,C,16.41,0.633,0.0,0.0,Baja
17,43095894,T,C,13.57,0.539,0.0,0.0,Baja
17,43095896,A,G,7.627,0.554,0.0,0.0,Baja
17,43099863,A,T,16.81,0.635,0.0,0.0,Baja
17,43099862,C,T,15.98,0.513,0.0,0.0,Baja
17,43095898,T,G,12.62,0.599,0.0,0.0,Baja
17,43099835,T,C,20.6,0.62,0.0,0.0,Baja
17,43097256,G,C,15.62,0.515,0.0,0.0,Baja
17,43099870,C,T,5.003,0.015,0.0,0.0,Baja
17,43099805,G,A,6.924,0.571,0.0,0.0,Baja
17,43099804,G,A,16.75,0.513,0.0,0.0,Baja
17,43099804,G,A,16.75,0.172,0.0,0.0,Baja
17,43099801,T,C,14.73,0.596,0.0,0.0,Baja
17,43099801,T,C,14.73,0.011,0.0,0.0,Baja
17,43099796,T,C,20.8,0.476,0.0,0.0,Baja
17,43067685,T,A,18.3,0.448,0.0,0.0,Baja
17,43067649,T,C,15.27,0.259,0.0,0.0,Baja
17,43067652,G,A,16.84,0.582,0.0,0.0,Baja
17,43067653,T,C,17.62,0.489,0.0,0.0,Baja
17,43067658,G,C,9.225,0.407,0.0,0.0,Baja
17,43099779,T,G,14.73,0.024,0.0,0.0,Baja
17,43099779,T,G,14.73,0.543,0.0,0.0,Baja
17,43099778,A,T,16.09,0.251,0.0,0.0,Baja
17,43099778,A,T,16.09,0.501,0.0,0.0,Baja
17,43067667,T,C,17.49,0.514,0.0,0.0,Baja
17,43067689,C,A,16.14,0.599,0.0,0.0,Baja
17,43099805,G,T,7.509,0.063,0.0,0.0,Baja
17,43097257,C,T,9.334,0.613,0.0,0.0,Baja
17,43067692,G,C,12.63,0.532,0.0,0.0,Baja
17,43099834,C,G,16.94,0.023,0.0,0.0,Baja
17,43099832,T,G,14.58,0.509,0.0,0.0,Baja
17,43097261,A,T,12.95,0.514,0.0,0.0,Baja
17,43099832,T,G,14.58,0.038,0.0,0.0,Baja
17,43099832,T,A,6.62,0.507,0.0,0.0,Baja
17,43099832,T,A,6.62,0.033,0.0,0.0,Baja
17,43099829,G,C,15.83,0.574,0.0,0.0,Baja
17,43070929,A,C,15.9,0.523,0.0,0.0,Baja
17,43067695,T,A,4.194,0.514,0.0,0.0,Baja
17,43099825,C,T,14.6,0.6,0.0,0.0,Baja
17,43099816,T,C,14.51,0.031,0.0,0.0,Baja
17,43099808,G,T,12.85,0.565,0.0,0.0,Baja
17,43099807,T,C,13.02,0.573,0.0,0.0,Baja
17,43067694,A,G,15.2,0.534,0.0,0.0,Baja
17,43067693,C,A,16.26,0.559,0.0,0.0,Baja
17,43099870,C,T,5.003,0.449,0.0,0.0,Baja
17,43099873,G,C,9.42,0.015,0.0,0.0,Baja
17,43104211,G,C,7.459,0.602,0.0,0.0,Baja
17,43104180,A,T,15.99,0.605,0.0,0.0,Baja
17,43094814,A,C,12.8,0.561,0.0,0.0,Baja
17,43104180,A,G,14.34,0.612,0.0,0.0,Baja
17,43094814,A,T,12.81,0.561,0.0,0.0,Baja
17,43094818,T,A,8.723,0.015,0.0,0.0,Baja
17,43094819,G,A,8.97,0.528,0.0,0.0,Baja
17,43067615,C,G,16.79,0.491,0.0,0.0,Baja
17,43094825,T,C,6.42,0.05,0.0,0.0,Baja
17,43094825,T,C,6.42,0.621,0.0,0.0,Baja
17,43104163,C,T,13.07,0.559,0.0,0.0,Baja
17,43104162,G,A,15.4,0.036,0.0,0.0,Baja
17,43094828,T,G,17.37,0.411,0.0,0.0,Baja
17,43104162,G,A,15.4,0.542,0.0,0.0,Baja
17,43094839,G,C,8.909,0.011,0.0,0.0,Baja
17,43104156,C,T,13.88,0.566,0.0,0.0,Baja
17,43104156,C,T,13.88,0.042,0.0,0.0,Baja
17,43104180,A,G,14.34,0.058,0.0,0.0,Baja
17,43067670,T,C,12.72,0.42,0.0,0.0,Baja
17,43070968,C,T,16.11,0.56,0.0,0.0,Baja
17,43063342,C,T,1.11,0.441,0.0,0.0,Baja
17,43094791,T,C,9.342,0.396,0.0,0.0,Baja
17,43104211,G,C,7.459,0.053,0.0,0.0,Baja
17,43094791,T,C,9.342,0.02,0.0,0.0,Baja
17,43094795,A,T,14.87,0.461,0.0,0.0,Baja
17,43057119,C,A,20.7,0.609,0.0,0.0,Baja
17,43057119,C,T,16.62,0.475,0.0,0.0,Baja
17,43057132,C,T,20.9,0.462,0.0,0.0,Baja
17,43104199,C,T,5.458,0.554,0.0,0.0,Baja
17,43104199,C,G,7.535,0.57,0.0,0.0,Baja
17,43104199,C,G,7.535,0.02,0.0,0.0,Baja
17,43094811,T,A,5.565,0.033,0.0,0.0,Baja
17,43104199,C,A,9.301,0.01,0.0,0.0,Baja
17,43104194,A,G,7.664,0.009,0.0,0.0,Baja
17,43094811,T,A,5.565,0.533,0.0,0.0,Baja
17,43063338,T,G,15.96,0.493,0.0,0.0,Baja
17,43104154,G,T,14.95,0.479,0.0,0.0,Baja
17,43104154,G,T,14.95,0.04,0.0,0.0,Baja
17,43095876,C,T,12.52,0.355,0.0,0.0,Baja
17,43104138,G,A,9.451,0.468,0.0,0.0,Baja
17,43104135,T,C,16.59,0.475,0.0,0.0,Baja
17,43067620,C,T,10.4,0.477,0.0,0.0,Baja
17,43104131,A,T,17.06,0.462,0.0,0.0,Baja
17,43104131,A,T,17.06,0.022,0.0,0.0,Baja
17,43104130,G,C,16.28,0.48,0.0,0.0,Baja
17,43104130,G,C,16.28,0.008,0.0,0.0,Baja
17,43067633,C,A,15.92,0.603,0.0,0.0,Baja
17,43104126,G,C,20.7,0.461,0.0,0.0,Baja
17,43095866,C,T,8.706,0.543,0.0,0.0,Baja
17,43095868,G,C,12.72,0.531,0.0,0.0,Baja
17,43095873,C,T,14.93,0.51,0.0,0.0,Baja
17,43095874,A,C,5.929,0.554,0.0,0.0,Baja
17,43095875,T,A,9.884,0.574,0.0,0.0,Baja
17,43067644,T,C,0.959,0.444,0.0,0.0,Baja
17,43099873,G,C,9.42,0.537,0.0,0.0,Baja
17,43104135,T,C,16.59,0.021,0.0,0.0,Baja
17,43104139,G,C,9.051,0.056,0.0,0.0,Baja
17,43104154,G,A,16.28,0.486,0.0,0.0,Baja
17,43095852,T,C,12.99,0.502,0.0,0.0,Baja
17,43094850,T,G,10.79,0.569,0.0,0.0,Baja
17,43094850,T,G,10.79,0.03,0.0,0.0,Baja
17,43094565,A,G,7.372,0.257,0.0,0.0,Baja
17,43104144,C,G,1.963,0.038,0.0,0.0,Baja
17,43094851,T,A,17.08,0.565,0.0,0.0,Baja
17,43094851,T,A,17.08,0.031,0.0,0.0,Baja
17,43104143,A,C,6.453,0.016,0.0,0.0,Baja
17,43104143,A,C,6.453,0.592,0.0,0.0,Baja
17,43104141,T,C,15.79,0.538,0.0,0.0,Baja
17,43070968,C,G,15.9,0.62,0.0,0.0,Baja
17,43104140,T,A,9.748,0.018,6.841723567000999e-07,0.0,Baja
17,43104139,G,T,9.473,0.041,0.0,0.0,Baja
17,43104139,G,C,9.051,0.612,0.0,0.0,Baja
17,43095851,T,C,15.39,0.573,0.0,0.0,Baja
17,43095851,T,G,15.68,0.617,0.0,0.0,Baja
17,43104180,A,T,15.99,0.028,0.0,0.0,Baja
17,43074342,C,G,12.48,0.608,0.0,0.0,Baja
17,43071021,A,T,7.367,0.595,0.0,0.0,Baja
17,43071208,C,G,13.62,0.598,0.0,0.0,Baja
17,43071165,T,A,12.13,0.576,0.0,0.0,Baja
17,43071167,T,C,12.83,0.56,0.0,0.0,Baja
17,43071168,G,C,3.572,0.576,0.0,0.0,Baja
17,43071170,C,T,12.27,0.263,0.0,0.0,Baja
17,43071175,G,T,14.44,0.554,0.0,0.0,Baja
17,43071178,G,A,17.11,0.536,0.0,0.0,Baja
17,43071182,C,T,13.14,0.401,0.0,0.0,Baja
17,43071185,A,C,12.14,0.538,0.0,0.0,Baja
17,43071187,T,C,17.01,0.598,0.0,0.0,Baja
17,43071188,C,T,14.08,0.573,0.0,0.0,Baja
17,43071191,G,A,15.2,0.514,0.0,0.0,Baja
17,43071191,G,T,16.84,0.541,0.0,0.0,Baja
17,43071194,C,A,12.89,0.604,0.0,0.0,Baja
17,43071196,T,C,9.173,0.559,0.0,0.0,Baja
17,43071197,C,G,11.97,0.605,0.0,0.0,Baja
17,43082524,C,T,16.38,0.199,0.0,0.0,Baja
17,43082524,C,G,15.04,0.262,0.0,0.0,Baja
17,43071163,G,T,14.71,0.601,0.0,0.0,Baja
17,43071163,G,C,11.11,0.582,0.0,0.0,Baja
17,43071161,G,A,12.34,0.561,0.0,0.0,Baja
17,43082571,C,T,17.01,0.508,0.0,0.0,Baja
17,43071134,G,T,10.86,0.604,0.0,0.0,Baja
17,43071136,A,G,0.191,0.547,0.0,0.0,Baja
17,43071137,T,C,0.012,0.553,0.0,0.0,Baja
17,43071140,T,G,5.145,0.435,0.0,0.0,Baja
17,43071142,C,T,3.696,0.561,0.0,0.0,Baja
17,43071143,C,T,0.722,0.566,0.0,0.0,Baja
17,43082572,T,G,10.94,0.024,0.0,0.0,Baja
17,43071146,C,T,0.243,0.563,0.0,0.0,Baja
17,43071160,G,A,12.41,0.485,0.0,0.0,Baja
17,43071148,C,G,0.234,0.547,0.0,0.0,Baja
17,43071149,G,C,8.691,0.488,0.0,0.0,Baja
17,43071151,G,A,7.96,0.556,0.0,0.0,Baja
17,43071154,G,A,10.97,0.572,0.0,0.0,Baja
17,43071157,T,A,7.83,0.655,0.0,0.0,Baja
17,43082561,C,G,16.15,0.544,0.0,0.0,Baja
17,43082560,G,T,20.4,0.445,0.0,0.0,Baja
17,43071201,G,C,17.21,0.598,0.0,0.0,Baja
17,43071212,T,C,7.468,0.499,0.0,0.0,Baja
17,43082424,T,G,7.816,0.042,0.0,0.0,Baja
17,43082507,T,A,15.07,0.287,0.0,0.0,Baja
17,43082454,G,A,18.64,0.252,0.0,0.0,Baja
17,43082449,C,T,9.337,0.261,0.0,0.0,Baja
17,43082446,G,C,1.158,0.245,0.0,0.0,Baja
17,43082445,A,G,0.398,0.338,0.0,0.0,Baja
17,43082443,C,T,8.483,0.237,0.0,0.0,Baja
17,43082443,C,G,7.154,0.082,0.0,0.0,Baja
17,43082443,C,G,7.154,0.266,0.0,0.0,Baja
17,43082442,T,C,13.85,0.015,0.0,0.0,Baja
17,43082442,T,C,13.85,0.27,0.0,0.0,Baja
17,43082438,G,T,0.151,0.023,0.0,0.0,Baja
17,43082438,G,T,0.151,0.236,0.0,0.0,Baja
17,43082436,A,T,4.094,0.221,0.0,0.0,Baja
17,43082436,A,T,4.094,0.026,0.0,0.0,Baja
17,43082431,T,G,7.328,0.177,0.0,0.0,Baja
17,43082428,G,T,7.958,0.22,0.0,0.0,Baja
17,43082428,G,A,6.185,0.202,0.0,0.0,Baja
17,43082427,G,C,0.017,0.015,0.0,0.0,Baja
17,43082456,G,C,2.797,0.208,0.0,0.0,Baja
17,43082457,T,A,10.47,0.011,0.0,0.0,Baja
17,43082457,T,C,3.387,0.254,0.0,0.0,Baja
17,43082472,G,C,18.3,0.033,0.0,0.0,Baja
17,43082501,C,A,20.5,0.457,0.0,0.0,Baja
17,43082496,C,T,17.0,0.256,0.0,0.0,Baja
17,43082490,T,C,20.6,0.283,0.0,0.0,Baja
17,43082488,G,C,12.53,0.209,0.0,0.0,Baja
17,43082485,A,T,14.6,0.239,0.0,0.0,Baja
17,43082480,G,C,6.45,0.038,0.0,0.0,Baja
17,43082480,G,C,6.45,0.174,0.0,0.0,Baja
17,43082469,G,A,15.7,0.033,0.0,0.0,Baja
17,43082457,T,C,3.387,0.045,0.0,0.0,Baja
17,43082467,T,C,0.321,0.22,0.0,0.0,Baja
17,43082464,T,G,0.002,0.21,0.0,0.0,Baja
17,43082463,A,G,2.969,0.262,0.0,0.0,Baja
17,43082463,A,C,10.96,0.205,0.0,0.0,Baja
17,43082459,A,T,0.075,0.001,0.0,0.0,Baja
17,43082459,A,T,0.075,0.19,0.0,0.0,Baja
17,43082458,C,G,13.49,0.213,0.0,0.0,Baja
17,43071134,G,C,9.909,0.557,0.0,0.0,Baja
17,43071134,G,A,4.863,0.514,0.0,0.0,Baja
17,43071133,G,A,16.51,0.575,0.0,0.0,Baja
17,43071131,A,T,0.001,0.548,0.0,0.0,Baja
17,43091697,C,G,16.14,0.029,0.0,0.0,Baja
17,43091697,C,G,16.14,0.427,0.0,0.0,Baja
17,43091674,C,T,11.02,0.018,0.0,0.0,Baja
17,43091667,T,A,1.656,0.094,0.0,0.0,Baja
17,43071112,T,C,7.61,0.583,0.0,0.0,Baja
17,43071113,T,G,14.16,0.605,0.0,0.0,Baja
17,43091623,A,G,13.16,0.363,0.0,0.0,Baja
17,43091621,C,G,20.3,0.449,0.0,0.0,Baja
17,43071116,A,T,4.376,0.559,0.0,0.0,Baja
17,43091611,G,A,17.16,0.535,0.0,0.0,Baja
17,43091608,G,A,11.29,0.528,0.0,0.0,Baja
17,43091588,G,C,15.85,0.574,0.0,0.0,Baja
17,43091588,G,C,15.85,0.017,0.0,0.0,Baja
17,43091576,C,G,6.532,0.036,0.0,0.0,Baja
17,43091576,C,A,9.487,0.045,0.0,0.0,Baja
17,43091576,C,A,9.487,0.533,0.0,0.0,Baja
17,43091562,T,C,16.04,0.02,0.0,0.0,Baja
17,43091698,T,C,12.92,0.542,0.0,0.0,Baja
17,43091700,T,C,1.653,0.014,0.0,0.0,Baja
17,43091722,C,A,0.295,0.011,0.0,0.0,Baja
17,43091782,T,G,13.18,0.358,0.0,0.0,Baja
17,43091813,G,C,13.77,0.316,0.0,0.0,Baja
17,43091809,G,A,12.9,0.393,0.0,0.0,Baja
17,43091804,T,C,16.1,0.339,0.0,0.0,Baja
17,43091801,G,A,1.853,0.396,0.0,0.0,Baja
17,43091788,G,C,6.261,0.04,0.0,0.0,Baja
17,43091788,G,C,6.261,0.459,0.0,0.0,Baja
17,43091786,T,A,0.714,0.383,0.0,0.0,Baja
17,43091782,T,C,14.26,0.048,0.0,0.0,Baja
17,43091722,C,A,0.295,0.612,0.0,0.0,Baja
17,43091782,T,C,14.26,0.35,0.0,0.0,Baja
17,43091780,A,T,0.295,0.016,0.0,0.0,Baja
17,43091760,C,G,5.605,0.018,0.0,0.0,Baja
17,43091760,C,G,5.605,0.614,0.0,0.0,Baja
17,43091744,A,C,0.006,0.606,0.0,0.0,Baja
17,43091726,C,A,17.26,0.051,0.0,0.0,Baja
17,43091726,C,A,17.26,0.512,0.0,0.0,Baja
17,43091552,G,T,17.26,0.573,0.0,0.0,Baja
17,43091535,T,C,4.476,0.006,0.0,0.0,Baja
17,43091504,C,T,17.35,0.328,0.0,0.0,Baja
17,43090975,A,G,16.11,0.008,0.0,0.0,Baja
17,43091000,T,C,15.71,0.455,0.0,0.0,Baja
17,43090996,A,G,12.28,0.512,0.0,0.0,Baja
17,43090986,G,T,8.84,0.037,0.0,0.0,Baja
17,43090986,G,T,8.84,0.608,0.0,0.0,Baja
17,43090986,G,C,9.793,0.046,6.846463938305145e-07,0.0,Baja
17,43090982,A,G,20.5,0.462,0.0,0.0,Baja
17,43090976,G,C,13.23,0.562,0.0,0.0,Baja
17,43090975,A,G,16.11,0.438,0.0,0.0,Baja
17,43091008,C,T,15.97,0.523,0.0,0.0,Baja
17,43071130,G,A,14.51,0.516,0.0,0.0,Baja
17,43090964,T,G,20.3,0.602,0.0,0.0,Baja
17,43090962,A,C,0.798,0.046,0.0,0.0,Baja
17,43090962,A,C,0.798,0.545,0.0,0.0,Baja
17,43090960,T,C,16.66,0.024,0.0,0.0,Baja
17,43090960,T,C,16.66,0.535,0.0,0.0,Baja
17,43071131,A,C,0.001,0.593,0.0,0.0,Baja
17,43091003,T,C,12.16,0.568,0.0,0.0,Baja
17,43091012,C,T,17.03,0.477,0.0,0.0,Baja
17,43091488,C,T,0.798,0.104,0.0,0.0,Baja
17,43091032,C,T,13.23,0.56,0.0,0.0,Baja
17,43091471,T,G,16.66,0.028,0.0,0.0,Baja
17,43091471,T,C,10.23,0.33,0.0,0.0,Baja
17,43091465,G,C,13.2,0.347,0.0,0.0,Baja
17,43091461,T,C,16.86,0.452,0.0,0.0,Baja
17,43091444,A,T,16.77,0.512,0.0,0.0,Baja
17,43091441,T,C,2.697,0.378,0.0,0.0,Baja
17,43071118,G,A,10.61,0.54,0.0,0.0,Baja
17,43091027,C,T,15.89,0.471,0.0,0.0,Baja
17,43091014,C,A,14.2,0.439,0.0,0.0,Baja
17,43091026,G,A,8.351,0.537,0.0,0.0,Baja
17,43071124,G,A,4.687,0.558,0.0,0.0,Baja
17,43091024,C,A,20.5,0.457,0.0,0.0,Baja
17,43091017,C,G,0.784,0.266,0.0,0.0,Baja
17,43091017,C,G,0.784,0.565,0.0,0.0,Baja
17,43091015,A,G,17.03,0.444,0.0,0.0,Baja
17,43091014,C,A,14.2,0.016,0.0,0.0,Baja
17,43082427,G,C,0.017,0.206,0.0,0.0,Baja
17,43082424,T,G,7.816,0.214,0.0,0.0,Baja
17,43071104,G,T,14.24,0.559,0.0,0.0,Baja
17,43074471,C,T,17.12,0.372,0.0,0.0,Baja
17,43074508,T,C,6.489,0.596,0.0,0.0,Baja
17,43074505,A,G,8.351,0.575,0.0,0.0,Baja
17,43074504,C,T,8.082,0.513,0.0,0.0,Baja
17,43074503,G,C,16.45,0.515,0.0,0.0,Baja
17,43074502,G,T,12.87,0.455,0.0,0.0,Baja
17,43074502,G,A,13.22,0.444,0.0,0.0,Baja
17,43074494,T,G,7.2,0.563,0.0,0.0,Baja
17,43074494,T,A,12.36,0.56,0.0,0.0,Baja
17,43074493,C,G,17.63,0.576,0.0,0.0,Baja
17,43074492,T,A,16.34,0.565,0.0,0.0,Baja
17,43074490,C,A,17.12,0.575,0.0,0.0,Baja
17,43074485,C,A,3.813,0.604,0.0,0.0,Baja
17,43074483,C,G,6.718,0.568,0.0,0.0,Baja
17,43074480,T,C,6.187,0.566,0.0,0.0,Baja
17,43074477,A,T,7.43,0.537,0.0,0.0,Baja
17,43074477,A,G,0.759,0.537,0.0,0.0,Baja
17,43074475,G,C,12.53,0.489,0.0,0.0,Baja
17,43074513,G,C,16.56,0.533,0.0,0.0,Baja
17,43074514,G,A,6.319,0.459,0.0,0.0,Baja
17,43074520,A,G,16.81,0.564,0.0,0.0,Baja
17,43076506,T,C,16.73,0.211,0.0,0.0,Baja
17,43076523,A,T,9.895,0.287,0.0,0.0,Baja
17,43076518,G,C,4.317,0.192,0.0,0.0,Baja
17,43076516,T,A,18.34,0.244,0.0,0.0,Baja
17,43076514,A,C,12.34,0.215,0.0,0.0,Baja
17,43076512,T,C,17.02,0.237,0.0,0.0,Baja
17,43076509,T,G,16.95,0.237,0.0,0.0,Baja
17,43076507,T,C,12.97,0.239,0.0,0.0,Baja
17,43076502,T,A,14.27,0.22,0.0,0.0,Baja
17,43074520,A,T,16.04,0.574,0.0,0.0,Baja
17,43076500,G,C,17.17,0.213,0.0,0.0,Baja
17,43076498,C,T,13.83,0.26,0.0,0.0,Baja
17,43076497,C,T,6.191,0.195,0.0,0.0,Baja
17,43076497,C,G,6.252,0.17,0.0,0.0,Baja
17,43076497,C,A,14.35,0.255,0.0,0.0,Baja
17,43076494,A,T,7.703,0.254,6.842613057074236e-07,0.0,Baja
17,43076494,A,G,6.558,0.242,0.0,0.0,Baja
17,43074475,G,A,11.88,0.515,0.0,0.0,Baja
17,43074459,C,T,5.232,0.494,0.0,0.0,Baja
17,43082424,T,C,8.925,0.042,0.0,0.0,Baja
17,43074454,G,C,16.67,0.532,0.0,0.0,Baja
17,43074408,T,A,10.79,0.592,0.0,0.0,Baja
17,43074403,C,T,6.471,0.591,0.0,0.0,Baja
17,43074395,T,A,16.53,0.534,0.0,0.0,Baja
17,43074390,A,G,7.763,0.627,0.0,0.0,Baja
17,43074388,C,T,6.748,0.601,0.0,0.0,Baja
17,43074388,C,G,5.247,0.614,0.0,0.0,Baja
17,43074387,T,C,9.326,0.547,0.0,0.0,Baja
17,43074385,C,T,0.573,0.583,0.0,0.0,Baja
17,43074384,T,A,12.71,0.557,0.0,0.0,Baja
17,43074383,C,G,9.984,0.554,0.0,0.0,Baja
17,43074379,C,A,17.29,0.527,0.0,0.0,Baja
17,43074375,G,T,6.099,0.456,0.0,0.0,Baja
17,43074373,G,A,12.39,0.481,0.0,0.0,Baja
17,43074372,T,C,0.284,0.611,0.0,0.0,Baja
17,43074364,T,C,0.889,0.502,0.0,0.0,Baja
17,43074357,G,A,0.048,0.556,1.3140777145560388e-05,0.0,Baja
17,43074346,G,T,13.08,0.567,0.0,0.0,Baja
17,43074408,T,C,11.21,0.541,0.0,0.0,Baja
17,43074415,C,A,3.002,0.56,0.0,0.0,Baja
17,43074415,C,T,0.735,0.546,0.0,0.0,Baja
17,43074436,A,G,10.26,0.62,0.0,0.0,Baja
17,43074453,T,C,7.879,0.575,0.0,0.0,Baja
17,43074451,T,C,7.957,0.408,0.0,0.0,Baja
17,43074447,C,G,3.765,0.555,0.0,0.0,Baja
17,43074444,T,C,6.019,0.258,0.0,0.0,Baja
17,43074439,G,T,13.26,0.581,0.0,0.0,Baja
17,43074439,G,A,8.956,0.604,0.0,0.0,Baja
17,43074438,G,A,7.599,0.555,0.0,0.0,Baja
17,43074426,T,G,14.69,0.574,0.0,0.0,Baja
17,43074416,C,A,7.176,0.402,0.0,0.0,Baja
17,43074426,T,C,15.86,0.46,0.0,0.0,Baja
17,43074424,G,C,9.578,0.596,0.0,0.0,Baja
17,43074423,A,G,9.923,0.568,0.0,0.0,Baja
17,43074420,A,G,0.253,0.55,0.0,0.0,Baja
17,43074420,A,C,0.473,0.575,0.0,0.0,Baja
17,43074418,T,G,4.311,0.568,0.0,0.0,Baja
17,43074417,T,G,13.39,0.436,0.0,0.0,Baja
17,43076526,A,C,5.162,0.205,0.0,0.0,Baja
17,43076526,A,T,4.965,0.205,0.0,0.0,Baja
17,43076527,T,A,15.64,0.203,0.0,0.0,Baja
17,43076527,T,C,12.53,0.195,0.0,0.0,Baja
17,43079354,C,G,10.16,0.245,0.0,0.0,Baja
17,43079340,T,C,8.84,0.264,0.0,0.0,Baja
17,43079340,T,A,8.151,0.24,0.0,0.0,Baja
17,43076614,G,C,14.57,0.207,0.0,0.0,Baja
17,43076614,G,A,18.62,0.214,0.0,0.0,Baja
17,43076612,C,T,8.925,0.221,0.0,0.0,Baja
17,43076610,T,A,16.2,0.02,0.0,0.0,Baja
17,43074333,A,C,12.36,0.629,0.0,0.0,Baja
17,43074337,C,T,16.2,0.313,0.0,0.0,Baja
17,43076600,G,C,12.82,0.293,0.0,0.0,Baja
17,43076595,T,A,16.74,0.202,0.0,0.0,Baja
17,43076593,C,T,9.704,0.074,0.0,0.0,Baja
17,43076593,C,T,9.704,0.191,0.0,0.0,Baja
17,43076593,C,G,8.943,0.035,0.0,0.0,Baja
17,43076593,C,G,8.943,0.247,0.0,0.0,Baja
17,43076590,C,G,4.462,0.021,0.0,0.0,Baja
17,43076590,C,G,4.462,0.146,0.0,0.0,Baja
17,43079369,G,C,8.975,0.345,0.0,0.0,Baja
17,43079387,T,C,1.321,0.28,6.574449061168674e-06,0.0,Baja
17,43071232,G,T,13.81,0.555,0.0,0.0,Baja
17,43082416,T,G,14.44,0.248,0.0,0.0,Baja
17,43082424,T,C,8.925,0.206,0.0,0.0,Baja
17,43082423,T,A,14.19,0.039,0.0,0.0,Baja
17,43082423,T,A,14.19,0.243,0.0,0.0,Baja
17,43082422,G,C,6.988,0.287,0.0,0.0,Baja
17,43082422,G,C,6.988,0.007,0.0,0.0,Baja
17,43082417,G,C,13.99,0.238,0.0,0.0,Baja
17,43082417,G,C,13.99,0.034,0.0,0.0,Baja
17,43082416,T,C,7.903,0.243,0.0,0.0,Baja
17,43071224,G,C,11.93,0.599,0.0,0.0,Baja
17,43082410,C,T,17.27,0.222,0.0,0.0,Baja
17,43082409,T,G,9.645,0.015,0.0,0.0,Baja
17,43082409,T,G,9.645,0.198,0.0,0.0,Baja
17,43082408,T,A,12.88,0.234,0.0,0.0,Baja
17,43082406,T,G,6.791,0.175,0.0,0.0,Baja
17,43082406,T,G,6.791,0.022,0.0,0.0,Baja
17,43071221,C,T,13.19,0.573,0.0,0.0,Baja
17,43076589,A,T,10.72,0.008,0.0,0.0,Baja
17,43076589,A,T,10.72,0.2,0.0,0.0,Baja
17,43076587,T,C,18.21,0.221,0.0,0.0,Baja
17,43076538,C,G,0.321,0.246,0.0,0.0,Baja
17,43076543,A,G,8.365,0.183,0.0,0.0,Baja
17,43076543,A,C,12.72,0.233,0.0,0.0,Baja
17,43076542,A,T,6.59,0.028,0.0,0.0,Baja
17,43076542,A,T,6.59,0.24,0.0,0.0,Baja
17,43076542,A,G,6.394,0.249,0.0,0.0,Baja
17,43076542,A,C,12.89,0.238,0.0,0.0,Baja
17,43076538,C,G,0.321,0.002,0.0,0.0,Baja
17,43076538,C,A,0.388,0.003,0.0,0.0,Baja
17,43076552,C,T,15.86,0.196,0.0,0.0,Baja
17,43076538,C,A,0.388,0.249,0.0,0.0,Baja
17,43076537,C,G,1.111,0.237,0.0,0.0,Baja
17,43076537,C,G,1.111,0.013,0.0,0.0,Baja
17,43076534,A,G,10.74,0.35,0.0,0.0,Baja
17,43076533,G,C,16.89,0.208,0.0,0.0,Baja
17,43076530,G,A,6.208,0.253,0.0,0.0,Baja
17,43076527,T,G,15.32,0.184,0.0,0.0,Baja
17,43076551,G,T,17.3,0.215,0.0,0.0,Baja
17,43076558,G,A,15.86,0.219,6.842538143728882e-07,0.0,Baja
17,43076587,T,A,17.61,0.044,0.0,0.0,Baja
17,43076575,C,A,16.81,0.296,0.0,0.0,Baja
17,43076587,T,A,17.61,0.269,0.0,0.0,Baja
17,43076585,A,T,7.767,0.204,0.0,0.0,Baja
17,43076585,A,T,7.767,0.04,0.0,0.0,Baja
17,43076585,A,G,13.23,0.183,0.0,0.0,Baja
17,43076584,T,A,8.211,0.041,0.0,0.0,Baja
17,43076579,T,G,2.887,0.198,0.0,0.0,Baja
17,43076576,T,A,17.08,0.244,0.0,0.0,Baja
17,43076572,T,C,13.46,0.183,0.0,0.0,Baja
17,43076560,C,A,14.01,0.184,0.0,0.0,Baja
17,43076569,T,C,14.98,0.172,0.0,0.0,Baja
17,43076567,G,A,10.6,0.328,0.0,0.0,Baja
17,43076566,G,C,15.99,0.015,0.0,0.0,Baja
17,43076566,G,C,15.99,0.345,0.0,0.0,Baja
17,43076561,C,T,2.906,0.252,0.0,0.0,Baja
17,43076560,C,G,7.775,0.19,0.0,0.0,Baja
17,43076560,C,G,7.775,0.015,0.0,0.0,Baja
17,43091840,A,C,21.0,0.609,0.0,0.0,Baja
17,43091888,T,A,8.686,0.351,0.0,0.0,Baja
17,43094539,C,T,17.44,0.63,0.0,0.0,Baja
17,43093526,T,A,0.002,0.448,0.0,0.0,Baja
17,43071064,G,A,4.585,0.607,0.0,0.0,Baja
17,43093681,G,C,13.76,0.479,0.0,0.0,Baja
17,43071064,G,C,4.34,0.537,0.0,0.0,Baja
17,43071065,C,A,3.909,0.474,0.0,0.0,Baja
17,43071068,C,G,9.892,0.542,0.0,0.0,Baja
17,43093651,A,G,17.6,0.598,0.0,0.0,Baja
17,43093622,T,A,2.743,0.389,0.0,0.0,Baja
17,43093617,T,A,11.11,0.603,0.0,0.0,Baja
17,43071070,G,A,16.72,0.447,0.0,0.0,Baja
17,43093591,C,T,14.0,0.508,0.0,0.0,Baja
17,43071073,G,A,7.895,0.411,0.0,0.0,Baja
17,43093563,G,C,0.873,0.361,0.0,0.0,Baja
17,43093560,T,G,14.67,0.515,0.0,0.0,Baja
17,43093552,A,C,16.71,0.508,0.0,0.0,Baja
17,43093545,G,C,0.251,0.503,0.0,0.0,Baja
17,43093543,C,G,7.295,0.425,0.0,0.0,Baja
17,43093543,C,A,8.509,0.481,0.0,0.0,Baja
17,43093707,C,A,17.5,0.417,0.0,0.0,Baja
17,43093715,G,C,8.207,0.476,0.0,0.0,Baja
17,43093718,C,T,12.81,0.534,0.0,0.0,Baja
17,43093807,T,G,2.781,0.394,0.0,0.0,Baja
17,43093890,A,T,16.04,0.46,0.0,0.0,Baja
17,43093883,T,C,10.92,0.361,0.0,0.0,Baja
17,43093879,C,A,13.83,0.539,0.0,0.0,Baja
17,43093867,T,G,15.27,0.47,0.0,0.0,Baja
17,43093839,A,T,0.373,0.481,0.0,0.0,Baja
17,43093824,G,T,12.92,0.399,0.0,0.0,Baja
17,43093811,G,T,9.193,0.507,0.0,0.0,Baja
17,43093806,T,G,13.16,0.633,0.0,0.0,Baja
17,43093725,A,C,13.82,0.286,0.0,0.0,Baja
17,43093790,T,C,9.233,0.474,0.0,0.0,Baja
17,43093783,T,G,13.12,0.46,0.0,0.0,Baja
17,43093776,T,G,16.55,0.575,0.0,0.0,Baja
17,43093776,T,A,16.49,0.575,0.0,0.0,Baja
17,43093757,T,C,18.36,0.441,0.0,0.0,Baja
17,43093751,T,C,8.296,0.544,0.0,0.0,Baja
17,43093732,A,T,4.998,0.501,0.0,0.0,Baja
17,43093542,G,T,10.18,0.427,0.0,0.0,Baja
17,43093525,A,C,0.058,0.614,0.0,0.0,Baja
17,43093246,C,A,16.71,0.526,0.0,0.0,Baja
17,43093524,C,T,0.033,0.306,0.0,0.0,Baja
17,43093357,C,T,11.02,0.31,0.0,0.0,Baja
17,43093357,C,A,16.44,0.576,0.0,0.0,Baja
17,43093355,G,A,16.77,0.457,0.0,0.0,Baja
17,43093352,G,A,13.53,0.44,0.0,0.0,Baja
17,43093342,T,C,10.98,0.329,0.0,0.0,Baja
17,43093339,T,C,0.204,0.39,0.0,0.0,Baja
17,43093334,C,T,12.0,0.523,0.0,0.0,Baja
17,43093332,C,A,15.67,0.527,0.0,0.0,Baja
17,43093328,G,T,12.92,0.472,0.0,0.0,Baja
17,43093318,A,C,12.43,0.452,0.0,0.0,Baja
17,43093315,T,C,12.12,0.313,0.0,0.0,Baja
17,43093309,G,T,14.46,0.428,0.0,0.0,Baja
17,43093304,T,C,2.402,0.167,0.0,0.0,Baja
17,43093304,T,A,13.9,0.357,0.0,0.0,Baja
17,43093301,C,A,2.545,0.369,0.0,0.0,Baja
17,43093297,T,G,3.668,0.398,0.0,0.0,Baja
17,43093276,A,G,17.46,0.372,0.0,0.0,Baja
17,43093361,G,T,15.91,0.435,0.0,0.0,Baja
17,43093369,A,G,7.098,0.498,0.0,0.0,Baja
17,43093382,C,T,0.483,0.307,0.0,0.0,Baja
17,43093475,C,G,17.33,0.631,0.0,0.0,Baja
17,43093519,C,T,0.21,0.361,0.0,0.0,Baja
17,43093501,C,A,17.4,0.412,0.0,0.0,Baja
17,43093490,T,G,9.181,0.422,0.0,0.0,Baja
17,43093489,C,A,14.51,0.502,0.0,0.0,Baja
17,43093486,T,C,4.877,0.22,0.0,0.0,Baja
17,43093477,T,C,5.198,0.242,0.0,0.0,Baja
17,43093476,A,T,5.359,0.379,2.0522783710382476e-06,0.0,Baja
17,43093464,A,C,5.79,0.33,0.0,0.0,Baja
17,43093411,C,A,0.121,0.559,0.0,0.0,Baja
17,43093439,G,A,13.68,0.442,0.0,0.0,Baja
17,43093435,T,A,17.45,0.49,0.0,0.0,Baja
17,43093418,C,A,0.169,0.352,0.0,0.0,Baja
17,43093417,G,C,0.545,0.444,0.0,0.0,Baja
17,43093415,G,C,0.139,0.449,0.0,0.0,Baja
17,43093412,C,T,1.129,0.469,0.0,0.0,Baja
17,43093411,C,G,0.077,0.469,0.0,0.0,Baja
17,43093913,C,G,13.74,0.628,0.0,0.0,Baja
17,43093916,T,C,4.137,0.486,0.0,0.0,Baja
17,43093936,A,G,4.896,0.546,0.0,0.0,Baja
17,43093954,T,C,13.83,0.582,0.0,0.0,Baja
17,43094435,C,A,15.85,0.455,0.0,0.0,Baja
17,43094428,T,C,18.05,0.444,0.0,0.0,Baja
17,43094418,A,C,6.909,0.38,0.0,0.0,Baja
17,43071031,A,T,0.029,0.582,0.0,0.0,Baja
17,43071036,A,C,0.034,0.447,0.0,0.0,Baja
17,43071037,T,C,0.105,0.45,0.0,0.0,Baja
17,43071038,T,C,0.482,0.434,0.0,0.0,Baja
17,43071040,T,C,0.244,0.558,0.0,0.0,Baja
17,43071041,A,G,0.711,0.557,0.0,0.0,Baja
17,43094359,T,C,18.42,0.466,0.0,0.0,Baja
17,43094342,C,T,16.12,0.177,0.0,0.0,Baja
17,43094342,C,T,16.12,0.335,0.0,0.0,Baja
17,43094311,G,C,14.09,0.212,0.0,0.0,Baja
17,43094311,G,C,14.09,0.531,0.0,0.0,Baja
17,43094306,C,A,17.18,0.571,0.0,0.0,Baja
17,43094306,C,A,17.18,0.441,0.0,0.0,Baja
17,43094297,C,G,10.5,0.038,0.0,0.0,Baja
17,43094441,G,C,3.695,0.064,0.0,0.0,Baja
17,43094441,G,C,3.695,0.483,0.0,0.0,Baja
17,43094443,T,A,9.476,0.02,0.0,0.0,Baja
17,43094494,G,A,6.043,0.256,0.0,0.0,Baja
17,43094533,G,T,13.54,0.441,0.0,0.0,Baja
17,43094528,T,C,13.93,0.458,0.0,0.0,Baja
17,43094513,C,T,12.48,0.507,0.0,0.0,Baja
17,43094507,G,C,7.281,0.046,0.0,0.0,Baja
17,43094504,T,C,5.589,0.4,0.0,0.0,Baja
17,43094503,T,C,2.865,0.248,0.0,0.0,Baja
17,43094495,G,T,5.746,0.498,0.0,0.0,Baja
17,43094494,G,A,6.043,0.502,0.0,0.0,Baja
17,43094443,T,A,9.476,0.511,0.0,0.0,Baja
17,43094491,A,C,16.8,0.558,0.0,0.0,Baja
17,43094476,T,C,10.88,0.052,0.0,0.0,Baja
17,43094459,G,T,12.18,0.476,0.0,0.0,Baja
17,43094459,G,C,0.742,0.045,0.0,0.0,Baja
17,43094459,G,C,0.742,0.635,0.0,0.0,Baja
17,43094452,C,T,3.995,0.484,0.0,0.0,Baja
17,43094452,C,T,3.995,0.036,0.0,0.0,Baja
17,43094293,A,C,17.53,0.364,0.0,0.0,Baja
17,43094290,T,C,15.82,0.474,0.0,0.0,Baja
17,43094288,C,G,6.64,0.6,0.0,0.0,Baja
17,43094038,A,G,13.55,0.581,0.0,0.0,Baja
17,43094109,T,G,3.105,0.635,0.0,0.0,Baja
17,43094087,T,C,12.81,0.63,0.0,0.0,Baja
17,43094083,A,T,14.21,0.594,0.0,0.0,Baja
17,43094074,A,C,3.576,0.593,0.0,0.0,Baja
17,43094058,C,G,3.261,0.552,0.0,0.0,Baja
17,43094051,G,T,12.59,0.597,0.0,0.0,Baja
17,43094041,G,C,18.51,0.491,0.0,0.0,Baja
17,43071052,T,A,10.21,0.576,0.0,0.0,Baja
17,43071049,G,C,4.377,0.51,0.0,0.0,Baja
17,43071052,T,C,12.2,0.596,0.0,0.0,Baja
17,43094005,G,A,9.148,0.557,0.0,0.0,Baja
17,43094000,C,A,12.4,0.583,0.0,0.0,Baja
17,43093994,G,T,7.664,0.427,0.0,0.0,Baja
17,43071052,T,G,3.949,0.59,0.0,0.0,Baja
17,43071059,T,C,0.399,0.555,2.052160446112319e-06,0.0,Baja
17,43071062,G,A,8.364,0.426,2.0521772917005847e-06,0.0,Baja
17,43094116,G,C,15.63,0.511,0.0,0.0,Baja
17,43071049,G,A,5.934,0.563,0.0,0.0,Baja
17,43094284,A,G,3.534,0.486,0.0,0.0,Baja
17,43094206,C,T,7.727,0.022,0.0,0.0,Baja
17,43094268,T,G,6.681,0.065,0.0,0.0,Baja
17,43071043,C,T,3.232,0.574,0.0,0.0,Baja
17,43071046,G,A,4.983,0.493,0.0,0.0,Baja
17,43071047,C,T,4.411,0.537,0.0,0.0,Baja
17,43094220,A,C,6.484,0.041,0.0,0.0,Baja
17,43094220,A,C,6.484,0.536,0.0,0.0,Baja
17,43094217,C,G,0.046,0.055,0.0,0.0,Baja
17,43094201,T,G,11.89,0.522,0.0,0.0,Baja
17,43094167,T,A,13.93,0.473,0.0,0.0,Baja
17,43094200,C,G,17.54,0.558,0.0,0.0,Baja
17,43094185,G,C,13.92,0.422,0.0,0.0,Baja
17,43094179,G,A,17.64,0.474,0.0,0.0,Baja
17,43094173,T,C,16.26,0.444,0.0,0.0,Baja
17,43094171,T,G,8.519,0.033,0.0,0.0,Baja
17,43094171,T,A,14.82,0.467,0.0,0.0,Baja
17,43094171,T,A,14.82,0.046,0.0,0.0,Baja
17,43093274,T,C,8.194,0.292,0.0,0.0,Baja
17,43093226,T,C,5.102,0.413,0.0,0.0,Baja
17,43091904,T,A,16.29,0.524,0.0,0.0,Baja
17,43092220,T,C,14.89,0.482,0.0,0.0,Baja
17,43092338,C,A,16.92,0.424,0.0,0.0,Baja
17,43092337,T,C,6.769,0.251,0.0,0.0,Baja
17,43092328,A,C,15.37,0.338,0.0,0.0,Baja
17,43092326,G,C,18.57,0.427,0.0,0.0,Baja
17,43092322,G,T,13.47,0.389,0.0,0.0,Baja
17,43092318,T,A,9.177,0.465,0.0,0.0,Baja
17,43092317,G,T,3.165,0.331,0.0,0.0,Baja
17,43092296,T,C,6.624,0.356,0.0,0.0,Baja
17,43092271,C,T,15.4,0.374,0.0,0.0,Baja
17,43092269,C,A,14.33,0.408,0.0,0.0,Baja
17,43092256,T,A,16.6,0.522,0.0,0.0,Baja
17,43092247,T,C,16.21,0.422,0.0,0.0,Baja
17,43092240,A,C,16.2,0.46,0.0,0.0,Baja
17,43092236,G,T,17.52,0.486,0.0,0.0,Baja
17,43092236,G,C,16.92,0.448,0.0,0.0,Baja
17,43092226,T,A,16.01,0.351,0.0,0.0,Baja
17,43092225,A,C,2.076,0.398,0.0,0.0,Baja
17,43092338,C,T,8.399,0.143,0.0,0.0,Baja
17,43071088,T,C,8.548,0.489,0.0,0.0,Baja
17,43071087,T,G,0.712,0.606,0.0,0.0,Baja
17,43092463,A,C,12.58,0.489,0.0,0.0,Baja
17,43092526,T,C,0.066,0.331,0.0,0.0,Baja
17,43092519,C,A,9.114,0.467,0.0,0.0,Baja
17,43092513,A,C,6.998,0.455,0.0,0.0,Baja
17,43092511,G,A,8.274,0.415,0.0,0.0,Baja
17,43092506,A,C,20.5,0.358,0.0,0.0,Baja
17,43092487,C,T,1.237,0.313,0.0,0.0,Baja
17,43092472,G,C,13.34,0.391,0.0,0.0,Baja
17,43092448,C,G,6.349,0.442,0.0,0.0,Baja
17,43071085,G,A,8.286,0.512,0.0,0.0,Baja
17,43092446,T,C,14.35,0.331,0.0,0.0,Baja
17,43092442,T,C,10.75,0.346,0.0,0.0,Baja
17,43092441,G,T,15.07,0.417,0.0,0.0,Baja
17,43092436,C,G,13.27,0.452,0.0,0.0,Baja
17,43092435,T,A,14.91,0.489,0.0,0.0,Baja
17,43092425,A,T,8.148,0.208,0.0,0.0,Baja
17,43092416,C,T,6.633,0.486,0.0,0.0,Baja
17,43092224,A,C,12.86,0.443,0.0,0.0,Baja
17,43092214,G,A,8.38,0.206,0.0,0.0,Baja
17,43093190,C,T,18.24,0.462,0.0,0.0,Baja
17,43092212,C,T,10.71,0.446,0.0,0.0,Baja
17,43092064,T,C,15.8,0.379,0.0,0.0,Baja
17,43092034,G,T,12.88,0.355,0.0,0.0,Baja
17,43092034,G,A,12.35,0.437,0.0,0.0,Baja
17,43071095,C,T,15.4,0.475,0.0,0.0,Baja
17,43091996,T,C,18.33,0.481,0.0,0.0,Baja
17,43091993,T,G,15.99,0.49,0.0,0.0,Baja
17,43091993,T,C,10.77,0.48,0.0,0.0,Baja
17,43091991,G,T,13.0,0.436,0.0,0.0,Baja
17,43091986,T,C,14.91,0.446,0.0,0.0,Baja
17,43071100,A,G,0.36,0.547,0.0,0.0,Baja
17,43071101,A,C,0.707,0.617,0.0,0.0,Baja
17,43091945,T,C,0.835,0.306,6.840890465030052e-07,0.0,Baja
17,43091942,G,C,0.012,0.425,0.0,0.0,Baja
17,43091936,C,T,0.128,0.44,0.0,0.0,Baja
17,43091933,G,C,12.41,0.413,0.0,0.0,Baja
17,43091918,C,A,2.955,0.404,0.0,0.0,Baja
17,43091904,T,G,16.38,0.523,0.0,0.0,Baja
17,43092067,T,C,12.67,0.513,0.0,0.0,Baja
17,43092068,C,T,12.48,0.346,0.0,0.0,Baja
17,43071091,G,A,5.137,0.563,0.0,0.0,Baja
17,43092164,C,G,17.59,0.556,0.0,0.0,Baja
17,43092210,T,A,13.24,0.446,0.0,0.0,Baja
17,43092208,A,G,5.395,0.428,0.0,0.0,Baja
17,43092202,T,A,1.009,0.418,0.0,0.0,Baja
17,43092179,G,C,9.437,0.557,0.0,0.0,Baja
17,43092178,T,C,4.579,0.603,0.0,0.0,Baja
17,43092175,G,A,10.07,0.575,0.0,0.0,Baja
17,43092167,T,C,0.018,0.156,0.0,0.0,Baja
17,43092161,A,C,7.259,0.485,0.0,0.0,Baja
17,43045684,G,T,17.13,0.505,0.0,0.0,Baja
17,43092148,A,C,15.19,0.573,0.0,0.0,Baja
17,43092127,T,A,17.65,0.511,0.0,0.0,Baja
17,43092122,T,A,0.28,0.426,0.0,0.0,Baja
17,43092121,A,T,6.579,0.396,0.0,0.0,Baja
17,43092119,C,G,8.338,0.35,0.0,0.0,Baja
17,43092110,G,C,0.947,0.394,0.0,0.0,Baja
17,43092100,T,C,17.12,0.631,0.0,0.0,Baja
17,43092532,T,A,20.5,0.362,0.0,0.0,Baja
17,43092535,A,T,11.02,0.404,0.0,0.0,Baja
17,43092538,A,G,13.63,0.444,0.0,0.0,Baja
17,43092554,T,C,0.039,0.394,0.0,0.0,Baja
17,43092991,A,G,14.83,0.447,0.0,0.0,Baja
17,43071074,G,C,7.333,0.48,0.0,0.0,Baja
17,43071076,C,T,9.868,0.353,0.0,0.0,Baja
17,43071077,T,G,12.62,0.574,0.0,0.0,Baja
17,43071079,T,A,7.312,0.474,0.0,0.0,Baja
17,43092920,G,C,17.05,0.289,0.0,0.0,Baja
17,43092904,C,G,13.39,0.383,0.0,0.0,Baja
17,43092890,C,T,14.12,0.351,0.0,0.0,Baja
17,43092876,G,C,9.828,0.282,0.0,0.0,Baja
17,43092874,G,A,0.008,0.479,0.0,0.0,Baja
17,43092872,C,T,16.01,0.522,0.0,0.0,Baja
17,43092871,G,A,17.21,0.572,0.0,0.0,Baja
17,43092860,A,C,0.741,0.358,0.0,0.0,Baja
17,43092851,T,G,16.0,0.425,0.0,0.0,Baja
17,43092832,G,A,3.255,0.393,0.0,0.0,Baja
17,43092825,T,A,6.743,0.394,0.0,0.0,Baja
17,43092823,C,A,16.45,0.476,0.0,0.0,Baja
17,43093011,A,T,14.87,0.559,0.0,0.0,Baja
17,43093022,C,T,0.819,0.337,6.569870573549701e-06,0.0,Baja
17,43093027,T,A,0.001,0.38,0.0,0.0,Baja
17,43093097,T,G,16.17,0.502,0.0,0.0,Baja
17,43071073,G,C,12.12,0.509,0.0,0.0,Baja
17,43093171,T,C,8.906,0.492,0.0,0.0,Baja
17,43093159,A,G,3.831,0.367,0.0,0.0,Baja
17,43093145,T,C,14.79,0.492,0.0,0.0,Baja
17,43093138,G,T,10.88,0.378,0.0,0.0,Baja
17,43093122,A,C,4.657,0.473,0.0,0.0,Baja
17,43093100,G,A,12.84,0.535,0.0,0.0,Baja
17,43093093,C,T,6.134,0.216,0.0,0.0,Baja
17,43093033,A,G,13.28,0.575,0.0,0.0,Baja
17,43093082,C,G,12.85,0.542,0.0,0.0,Baja
17,43093081,C,T,4.916,0.406,0.0,0.0,Baja
17,43093069,T,C,14.06,0.438,0.0,0.0,Baja
17,43093066,T,A,7.847,0.348,0.0,0.0,Baja
17,43093059,A,C,15.04,0.308,0.0,0.0,Baja
17,43093054,G,C,14.17,0.471,0.0,0.0,Baja
17,43093043,T,C,14.98,0.512,0.0,0.0,Baja
17,43092812,C,T,16.3,0.476,0.0,0.0,Baja
17,43092805,T,C,0.94,0.361,0.0,0.0,Baja
17,43092793,T,G,13.78,0.274,0.0,0.0,Baja
17,43092626,T,G,13.93,0.457,0.0,0.0,Baja
17,43092664,G,T,16.67,0.475,0.0,0.0,Baja
17,43092655,C,T,14.98,0.534,0.0,0.0,Baja
17,43092648,G,T,0.036,0.332,0.0,0.0,Baja
17,43092644,T,A,2.861,0.373,0.0,0.0,Baja
17,43092629,G,T,0.167,0.262,0.0,0.0,Baja
17,43092628,G,T,8.863,0.34,0.0,0.0,Baja
17,43092628,G,A,14.13,0.427,0.0,0.0,Baja
17,43092619,T,G,0.027,0.422,0.0,0.0,Baja
17,43092671,G,C,8.307,0.329,0.0,0.0,Baja
17,43071082,G,A,3.736,0.543,0.0,0.0,Baja
17,43092591,T,C,0.984,0.375,0.0,0.0,Baja
17,43092575,T,G,1.979,0.399,0.0,0.0,Baja
17,43092574,A,G,0.673,0.373,0.0,0.0,Baja
17,43092566,A,G,2.679,0.288,0.0,0.0,Baja
17,43092565,A,G,0.397,0.22,0.0,0.0,Baja
17,43092556,G,C,8.425,0.451,0.0,0.0,Baja
17,43092670,A,G,4.313,0.161,0.0,0.0,Baja
17,43092673,C,A,16.68,0.442,0.0,0.0,Baja
17,43092777,C,G,4.718,0.313,0.0,0.0,Baja
17,43092737,C,T,4.86,0.424,0.0,0.0,Baja
17,43092775,G,A,0.547,0.346,0.0,0.0,Baja
17,43092761,T,C,0.195,0.316,0.0,0.0,Baja
17,43092760,T,G,0.031,0.343,0.0,0.0,Baja
17,43092755,T,C,0.405,0.459,0.0,0.0,Baja
17,43092752,C,T,0.264,0.476,0.0,0.0,Baja
17,43092752,C,A,0.246,0.418,0.0,0.0,Baja
17,43092739,A,T,6.985,0.553,0.0,0.0,Baja
17,43092737,C,G,4.341,0.368,0.0,0.0,Baja
17,43092673,C,G,12.95,0.48,0.0,0.0,Baja
17,43092734,C,G,9.432,0.35,0.0,0.0,Baja
17,43092728,T,G,12.44,0.555,0.0,0.0,Baja
17,43092726,T,G,15.12,0.346,0.0,0.0,Baja
17,43092716,C,A,16.38,0.378,0.0,0.0,Baja
17,43092697,C,T,5.422,0.342,0.0,0.0,Baja
17,43092676,A,G,14.86,0.381,0.0,0.0,Baja
17,43092674,A,C,12.95,0.416,0.0,0.0,Baja
17,43045684,G,C,17.07,0.505,0.0,0.0,Baja
